"collect","md5"
"1676851200","95593f6e89d1a3f85273907299d5d1e6"
"1676851200","53121b5a809c70381599f321d1fc528e"
"1676851200","ee67ea6b81a0859cbdea2c1a8c689c40"
"1676851200","7f2d28e3c305aa30e921a8eb72a1300f"
"1676851200","8ac4ed115562301f814f5ab1b46fa42a"
"1676851200","359bf2a347010c2d50b72c589f7fa131"
"1676851200","3502276dddd477d4d2a20dcf06de164a"
"1676851200","44a4e935ee104b1530246bc83eaee66a"
"1676851200","dbac3f72d92d4668c5c51cd4ecc0393e"
"1676851200","1bd648a158b5b9ddfcba45d800cddca0"
"1676851200","7252e3adbd4cbbb92f688e4b9b751cd9"
"1676851200","e9db48aa65800c3de32a23533e15d414"
"1676851200","97ab75b5e547268129079e3de0a11e62"
"1676851200","d23c943cdb07744ec8d7cc82028966dd"
"1676851200","e3d564b7f9d50edfacff2a459dcf064d"
"1676851200","6a54e09455919d6b640ed36e623224a0"
"1676851200","a6baed959a09e0f1c312b307f85b4c77"
"1676851200","f70a55d95147ecac340c58b7112130ff"
"1676851200","580c9cfb0b56a74e857d54f57fd380b2"
"1676851200","c27a03b306ba45ed135d91f409a69f1a"
"1676851200","e24cc22e3b08f72051d9d581a1236f84"
"1676851200","f0500c356456913c238d82a56bf400bd"
"1676851200","b417da4fac222a4c187b4c4137046015"
"1676851200","3ae325b7e23ade83ec4a82f60599bbd2"
"1676851200","a05e0174cdf8f565f57f4ad3294d15ef"
"1676851200","def72b4e6612163dbfcedda6d941695e"
"1676851200","35681210de3f848707e16d15fe032f3b"
"1676851200","54b5629c7d5880da1830d40cb3eb1d2f"
"1676851200","870d6195c822f0ae15ac90704b5328c4"
"1676851200","bace329132c67126aba65009a2a55281"
"1676851200","34f600c6139a9bf603168a986cdb2eb0"
"1676851200","85e54d431bc5427a5ed1c57d69c9434d"
"1676851200","592e1e32e40a09ff10990a34e11b9742"
"1676851200","dbe7454c83d1c2242e718ed80e8e3cbc"
"1676851200","7570f1660581e11b6c07f05bd73914bd"
"1676851200","90339373cdba1496353adc200181e755"
"1676851200","f043922d283fb0d35b62d54ec69e4b64"
"1676851200","da0e220f4631fed099f01aa932f0d31c"
"1676851200","2a9d2a98bfe3750610e6efc015b90197"
"1676851200","3fbbce1e454d75ca1470bc1100003cb5"
"1676851200","6d653a71ef7f321d3fbf387947ef093d"
"1676851200","88d43216f7901c4555dc44a8704e777e"
"1676851200","645b4096a55b0babed43c3d72f19f565"
"1676851200","6c3f262cc84b8d475691d97b1af5c27f"
"1676851200","91e4c9fbba2d1d2e0c822b3bbd13f9f6"
"1676851200","f705f9afa51e2700c26a574ccde8a666"
"1676851200","b6f3b5d18b13c98a082079dadc04d549"
"1676851200","ec0d5c7547687e907cbde0f0b98b00f8"
"1676851200","39fd9f3ba43e3e1896467c690053523a"
"1676851200","3fd2776ba9d24163971aa943a342f1cf"
"1676851200","2b7d05d0b2df07721c29694f4029c947"
"1676851200","baab37e07009759578eca5dc6f18541f"
"1676851200","0e9a385453da54f8642635cd26991056"
"1676851200","18d63236236b5726db36aa4e35bc4c65"
"1676851200","5a2b375357ed2fa31c551ceef33953cf"
"1676851200","95de43771e2b28ae3a5182484a7ec802"
"1676851200","1eb0f7f80de1fe8216aab7a40e30cba3"
"1676851200","903161ed933a9556ec2445742a0bf21a"
"1676851200","a08108b094ff5a6132ded77f00422082"
"1676851200","edc9caf1622a7f6051db07c4588215c3"
"1676851200","7b9d51862172b64931934b9ce326143e"
"1676851200","88b77fdbbc395e3c95a8357fdc0e7a9b"
"1676851200","2c1a9ec8681dc67c6088c2aaa9d52720"
"1676851200","86d81e0d721ab4bf640cafdc2336bb2a"
"1676851200","d22ba2c2e5e6c84c8660a9949d9e5b3a"
"1676851200","244e51edb582f690db9aed0d4a94190d"
"1676851200","2a2b6d762eebfc187b6eac77719dcc72"
"1676851200","753ee5aec784d0a1aa2b3c4505e65024"
"1676851200","364e912c49697986a1b17edf08213efc"
"1676851200","89a626895657dae2ae2fd3f536305ab8"
"1676851200","5a3c409970ced438d64c7e814ed3c3ea"
"1676851200","50d7646747ea766b7b60570365920fd0"
"1676851200","c1e86a74acbf99b7c3bd0b1f3bbf97b1"
"1676851200","b214f9ab763e873a5464cd54a5da2062"
"1676851200","d95871601cd5aad060d3b5dfd97b9620"
"1676851200","b6d02923c8d63b139808b46cc3c8c96d"
"1676851200","6ae419b71e5b2abe084ea11bd71c6bdf"
"1676851200","e220b5ad24a0c99c2a44d98fe7b1d091"
"1676851200","ed53e64913c6b07bc839f0470d763943"
"1676851200","d33260365436afa22dbdfc5109d4f8a8"
"1676851200","1c4fb7c41e7928bfb74784d910522771"
"1676851200","548a9d3868753764c6c7b755278b10f3"
"1676851200","ebfa814745da63921bd8f145aeee2463"
"1676851200","db4659f4f3743030d77d943f3dd73cf5"
"1676851200","459b7775c775e56a316c994d94b5616b"
"1676851200","79c07173790fd5d84207c70623bbef70"
"1676851200","6e581e887c7227bf3635d03f33f6d305"
"1676851200","e891e24e27b1c51ec9c3c84267ab997e"
"1676851200","32638f3cf3b4c21cef3947f1f2bafc25"
"1676851200","feab8c6cdb93b3a614f575d7a6c093ce"
"1676851200","a0afb7b8e523de0de8a240ab3cc3bf85"
"1676851200","902326697d0ecbfde5a4f41157044be1"
"1676851200","282a15096d081462bd66a100cca0ae18"
"1676851200","44c09216961999bacdd58055081b5d33"
"1676851200","3e2e7b3b62f0566ef1ccb916ae1ed0cb"
"1676851200","887b5cd6d6c43d6685bd07170298dc2f"
"1676851200","58f3d9b95484324e861d6582c1091280"
"1676851200","6eb749b73145aaddcfcc3fb6d7d1825f"
"1676851200","0bc2fbe3e500fd3883fb10b7c3aafab0"
"1676851200","1a496bebdf47aaee63127ad8e0f2c038"
"1676851200","12f390f2a70736f79e769c1c7d8bc9b9"
"1676851200","da81c68e2f88a3eaea836826f44fcba7"
"1676851200","69a222aa82b09d654679d5404351b351"
"1676851200","acd6569558a31d2e1b9c9bf3a946afe6"
"1676851200","193b5c54634afcae5235eb8097585148"
"1676851200","b45944b5591a25f44c3f21198d2d6c5e"
"1676851200","8e180455b239b1d9df77226f04095fa9"
"1676851200","917bd5d1ea0eae223c98ae8fe0893edf"
"1676851200","f01bc4bbe2fc419742df15fdc24a9104"
"1676851200","fb7d3c5580cb658f39174ed0ecc894ce"
"1676851200","f97351db8653b336ea87be255b61c06e"
"1676851200","06a32c1bddbb2f451e84a0edfdf0c03d"
"1676851200","5dc45eb0a15dcca3818111f298eb0233"
"1676851200","49c842fb865e7d3bb8c0fdb8572021ad"
"1676851200","246a33702e7ef1bea8ac9fb1671f51e0"
"1676851200","4cf1139265fc7dd2cb126009703da8bd"
"1676851200","881ddb5d47fa1714843d09221b4a198d"
"1676851200","330e50456117379e07d0eba36a249d32"
"1676851200","b1de04e954eb77d68e4f7c25dd7ba8c1"
"1676851200","7804a156d04fec76245c3af10c5ccac6"
"1676851200","afb8da816160569cd3b775cca5f51c04"
"1676851200","d4b391bdd78a751ca1295be6d5b6b38d"
"1676851200","6d57bfa9a7fb177b4606ea779a3f42a5"
"1676851200","b33a22e5d1fae161141baf401076ab3a"
"1676851200","d2f6378279b4de10055d8eab08834900"
"1676851200","bc76c4d8c84500f823b78e242a19c028"
"1676851200","6b41ec9f763d1af0491c7475819f37ad"
"1676851200","5341712e9f9c6627ad399de72f7c2ead"
"1676851200","94aaf99194581a21c2131d6d82942891"
"1676851200","e7d1b095355ce179841a5783fd0831dc"
"1676851200","0204045b6f59f5003fd115c749d6ff2c"
"1676851200","faa7f034b38e729a983965c04cc70fc1"
"1676851200","11c17c6cd5c571ac538c8ca933b8af35"
"1676851200","ee358d9e04b971cfdc3a4d3a12e78157"
"1676851200","b1985f2e3cec64eb7413ce9701c937d1"
"1676851200","843b82aa0e9adb86e262a36aaebf7b52"
"1676851200","819c9047cb19b5997608405a34b89b5f"
"1676851200","afed19cbd598afe92a8401fb449995ea"
"1676851200","afe8004f5569bc25539788a75b01616d"
"1676851200","cf565d32f4eb85a91286548a27387739"
"1676851200","f2058787a86da9ec0cb9b296fdc84b1d"
"1676851200","c0003940db8b221b203ad7cf0d9eb547"
"1676851200","148264565031a8ebb6887a1395a2247a"
"1676851200","ba9ea037b7aa677be755d86df08e3bc6"
"1676851200","0ff326e14f65610f8b7f649e98e017ff"
"1676851200","ff2f49446c91a1d4523351d9c0eb810a"
"1676851200","be0055b2c842c58fa6bc7d3e65f3e1d3"
"1676851200","20e81378bd2b5e1ac09b70517e8f170b"
"1676851200","b4000a9bbfe85128d7163b20fa5814ee"
"1676851200","701b0d3bf05c234cb033d569993ab59f"
"1676851200","104dec190cd96f4e38545e859de86e89"
"1676851200","1110bd14bf2401c4c96f142d0ed002cc"
"1676851200","40b621b4921ddd282097f01ed3355697"
"1676851200","9bbe4e2b931c1832d388703c48318390"
"1676851200","fc11a000e2034ec8984842739d7bd26a"
"1676851200","42feeaf16721d21c781faace0c85e019"
"1676851200","4617a21ee17485771360ac72037be2c4"
"1676851200","220d71e2e79f8183f902f0893fc1c216"
"1676851200","0098bf3f445656ab7c2ca50f2c320ab0"
"1676851200","921fcdba25c39b6d2e9a31f7f0a32109"
"1676851200","9ddf36bfc7513065f5e2349600ce40a6"
"1676851200","d2d8c2f040ba06dc0ca80d1082f00f93"
"1676851200","519b45599309a7d463e0e1744e39bbb4"
"1676851200","21cffc651727f3f42913582f1f3f350f"
"1676851200","a515c19f0034abdbd4e06589023d2f42"
"1676851200","1c463331165e2aa69a361d9aed19bc4c"
"1676851200","00eac2c2d64d27bb467b0edffa99a096"
"1676851200","84d4b4f7cd77eed081ec92f602bf5534"
"1676851200","7cde8eca34cb242b3894fddf3f0f4934"
"1676851200","e21643e1640d33ec233a2c024eeacc17"
"1676851200","06c37e7b144b2e5ec532dd731f5ec04b"
"1676851200","7d63b91ee64e955d81bc76fb61ba0c27"
"1676851200","a5c578466cf6424fd8b1929981c6abb4"
"1676851200","fca6dea48e731bc66357570e741209d3"
"1676851200","457aa9d8dd3d9db67bfa2e1c679669d9"
"1676851200","4e98266d40259cae7740ebb17de4af55"
"1676851200","59afb31e8ffb95776fe822f8519a47d6"
"1676851200","0c45fa3e471ab84f6b83d51391bd4ee1"
"1676851200","7e67965d109f5e0ae86e47e9fc29583a"
"1676851200","4483cc48da88adbe46cea0c03f701109"
"1676851200","ff7458bb12a0871f2d9f7a30ea0d7607"
"1676851200","30473a501f83fbc4c12e2b5a2a5e4cfd"
"1676851200","a36048759e22b996d4ad794dfea69930"
"1676851200","7384c9cbce4209276a15165dbf1775b3"
"1676851200","e3173fa52c9e3954d9d8dde5d9a8ae15"
"1676851200","358c1fcfed6d8d60bba4be38d0c97308"
"1676851200","06b4df69258b2bba6588087728784ebb"
"1676851200","f71aac05e1ee9b76a9ce16ec7f73bf33"
"1676851200","eaa485b560bde5f66e28a53eb531d591"
"1676851200","20d9e0d43ed2e03d20833659025c2213"
"1676851200","76cde0ae691e0ecb83dce31eecf58bfe"
"1676851200","5807efef92e20ffe074bbdc141cfbdad"
"1676851200","6e0bdd9f7e83fb0d86fd64ef3c69e090"
"1676851200","2de6a24eb999a6937a781b8e0d660e9b"
"1676851200","780d14604d49e3c634200c523def8351"
"1676851200","71ef5acc2e2f103d24af719a3e5e7980"
"1676851200","0f6b663cd4bc1ba00b1320d8bcc0f6f7"
"1676851200","9f04ab985cb0c529075c16f52e89d53e"
"1676851200","011b037e57d06e0b977bf53e2252d244"
"1676851200","f0cc2470cb5c9b6262dfbf08620a2813"
"1676851200","66bd28a9c0b34704ef4c915a43b7de2e"
"1676851200","3ed772a9193c17f2246d81f34c2547c4"
"1676851200","03099197d4fc8d2b63f3eaef8bdb7922"
"1676851200","a5c1d8d01d720ad1954a505d3cad4415"
"1676851200","53ce2817661bef20ea04050118901621"
"1676851200","02d8438ba0a4ae608d57a9fd21be6e3f"
"1676851200","b582e8a201c15f6b40b25d545e57f406"
"1676851200","4d2ba78cb28febef9d948d5b15ff0369"
"1676851200","1b61fb9383406b7256760d728bd26aa6"
"1676851200","feb34584dab15ee2b93405ed12747bed"
"1676851200","c7a71c5e1554a019297353c2a327384f"
"1676851200","c4fcc2207cd77f049de1dc8ff2c7e9f5"
"1676851200","0c67206b3889b245893156dfcc23569d"
"1676851200","c3c2add32c86c71fc45ebbd13d7e28b0"
"1676851200","c4e34b975362dd6eb155ea8c93de8bef"
"1676851200","a0637f11f853be8f538885daccbea677"
"1676851200","6676f5851567e5b6ff2a6e41543ee8c9"
"1676851200","45bbf843b6cfe5c9a58d36616098f5f8"
"1676851200","dc105efb348c53a4ddf0ee7c49891540"
"1676851200","eda597a09414ff349d7521a264a68e50"
"1676851200","6ef72004465836cbb503bbe61a48dbd9"
"1676851200","7b6f46df1480574afb385a9ff1a7855b"
"1676851200","e21710eee0dbdb5a3c23b8afe99cb99c"
"1676851200","3a54fb939b9bde6b6e6a1206193c0798"
"1676851200","9595e49300c884ea972200f03d7551aa"
"1676851200","52be76386769251a3afd5dfa485b9e26"
"1676851200","a4277d17872f38d942ffb6540fdb5242"
"1676851200","8bd494bf9fdc963eed4af04d3e4fa395"
"1676851200","fefc06cf1050be7854e5fa54c2698fc4"
"1676851200","5039ab807457831b8a0126b84ab69423"
"1676851200","6f8a20924b08267f458b809f9741537d"
"1676851200","4b94c3f3bd13c4852512526a7184a3c2"
"1676851200","5d4c95af31caed6fc4ebd82092e0a744"
"1676851200","a006bb4ded77c77b4d984f498cb786f3"
"1676851200","c528de0364c0f3bf2a0801fb9376c65c"
"1676851200","bc4a3561312ba8ffd09bda2d15b0241d"
"1676851200","0a2fae4893137c16d7a313604842ad14"
"1676851200","50472649e8fa4dbfa868324b94e8f4ef"
"1676851200","a91b913447db7bb3e6c6f709d11f6fe6"
"1676851200","8af13924ecef64ab504fd97d8668df02"
"1676851200","46d09bcf0fb8e1b0cf2938cf99bb81f9"
"1676851200","86f25eb497e8b7ffbd10d718f1cd7a1d"
"1676851200","913f71c40deea78b20cdb54e02cf9903"
"1676851200","c6d6879b53074e70c6a750d191a83e50"
"1676851200","356b294ea0d053e17a8e25446c5a37c5"
"1676851200","63692c61130df90cb9e238e9eb1851e4"
"1676851200","7b9cc53b66d07dfa782f75ffa5e503fe"
"1676851200","5ac9051c6441409214e77b50ff32f6cf"
"1676851200","332e21c5db55ded71e074ad05e643877"
"1676851200","87cd3498cd59f3fc8063217ada552103"
"1676851200","c0202c5bea57a02fb1921eea5051fec0"
"1676851200","fbec342ce6371f929cbb9c93965a81df"
"1676851200","686648dc8c067074b785ce2be75a5d64"
"1676851200","b3503746bb7f1d30755c9f4a26ce0a2c"
"1676851200","e88596df29fd78b0159c23811a9f8e24"
"1676851200","d5e0d1d58f30747d2f962b1d7110ff42"
"1676851200","389a5616d7761a28bba4d29ed07910c4"
"1676851200","fdd2c7d94fee23bb621903f409c31801"
"1676851200","e3acad1e1250ca7f846bc7847ae1bb61"
"1676851200","17f6df036368cca2f2edf4b44295bb02"
"1676851200","57c14686db3cc1f283683c71db5e980f"
"1676851200","f7f648ed2c87ef9bfcd3eacc6cb34965"
"1676851200","e4e448a2a4d027f70e2586864406beaa"
"1676851200","0aa732059b8a9e15812de2d0c70e17ad"
"1676851200","b4695157694d2a0ea75db8bd51338c48"
"1676851200","9e62e28f644ef761955c0ec236fde79f"
"1676851200","f9bcfb5cf8aa6b2d367c4d07d312c935"
"1676851200","0c890a95fe4e6937964a8296851d7adc"
"1676851200","24a0c0419cc54c75603badcb9259cabc"
"1676851200","c4fcc2207cd77f049de1dc8ff2c7e9f5"
"1676851200","b30e806c4393bf9772a701db48ebd18e"
"1676851200","8e4ae366deac0b04036af295d708bfc0"
"1676851200","aa071920eaa3fd10b022885447898746"
"1676851200","cb583e19a5828c8e8e40b42ee85205c9"
"1676851200","df5a51f253e7a0e22658575e06d6530d"
"1676851200","9c8cc38496c435a3f465a23760630d81"
"1676851200","ca9dd03def5444f371a46ac5a499b367"
"1676851200","63ccdbdbe414795f99908a7bb7b9f8e9"
"1676851200","b172ae5231eccc5ba923972059283d19"
"1676851200","93e2b10b82781a6456d88922d325f61c"
"1676851200","c7146f88f4184c6ee5dcf7a62846aa23"
"1676851200","16ce6dfb13eb4a604d95c43964fe01ce"
"1676851200","84b9a0c43d6f82e5151785f67b3612fc"
"1676851200","01568a3a348aea54aec495227533b6f2"
"1676851200","c443fbd9364a7bdbaee51292611292b5"
"1676851200","6696d584aa20684b71b5511b632ae1df"
"1676851200","be29da73197da06e87320098b5f39706"
"1676851200","d09b07ea48a2ff8572918f9a128fb07d"
"1676851200","3f26d78fd8cda101360fa93f9c3e2b69"
"1676851200","fe9eaa91eb951ca451bd09d90f7cdcbd"
"1676851200","424243e32a86f3436c040f7edc51f724"
"1676851200","2b0d4ccd7c0c123a59c60207d5f2d3bf"
"1676851200","617df22cddf1f18ca3874060149bcf8b"
"1676851200","69a222aa82b09d654679d5404351b351"
"1676851200","bb305858814d868425bd5d85e202991b"
"1676851200","28e8adcd1d4aaf0e12c15dd63bed28b2"
"1676851200","ab56ed17bee01417ed94f5f70de6cb19"
"1676851200","b7475fa39bbe0e5488b8242fc0716f71"
"1676851200","a4ad53eebe6c8a21898540a1ab7e7e39"
"1676851200","fa1c5e70215cff72c05c8b7af6e6ba60"
"1676851200","715a8bc9698c05ab25a6ab1fd431cbd7"
"1676851200","50ba489334db173a954e0e9dfac76720"
"1676851200","d199164cc0ff895631253e65d40e19a1"
"1676851200","6aea3bc826c3c9d665524513826ccd11"
"1676851200","779b1d80f4c4fae425add5b27c4fcb93"
"1676851200","06a5f9c2bcce03223d6fb0c53ba41cfe"
"1676851200","ce129d38dbae8d1afb518b6dad4c1ce0"
"1676851200","5a12e104b2a2c1a97538992b3df75bc4"
"1676851200","dfd3a8499acb8f7fdcff8a376a7c2ac3"
"1676851200","9451e975a280c8798688da3a4f795003"
"1676851200","cb090472138d77eb85dbcfc1b68a7363"
"1676851200","bdf9c1f47ca9a5118ceff9861e734f9e"
"1676851200","65f9838d8cda08833ad74e90c28dc2f8"
"1676851200","497535c171512a78e510928adb5564d0"
"1676851200","fc7b87c7016f8422c74925cbac2750ab"
"1676851200","09caabd3e5b721bf46d5e582dfc859e2"
"1676851200","682ce786eade7f523281413a32b6e064"
"1676851200","d3a0c47bb1635ea967e0b399d8f7cfb6"
"1676851200","b59cdb26e086283f98685df8926ff4c3"
"1676851200","4264be607ef9b5253287dd436b68a080"
"1676851200","3de0cc84f5b156c9530fd072f6befe49"
"1676851200","5a4610f689a40d0c35345e24a7a84eca"
"1676851200","92a6d6ba2c1cc390ad896ac2c577e374"
"1676851200","e032205bb3bd7666287f956ba7b12f7c"
"1676851200","f6dca4e9fe3a99468a185d0511d255f4"
"1676851200","56104654a290de3b309be77f180397ad"
"1676851200","f378237ff6ab667bb77334641c70e8de"
"1676851200","a1875a038ebcc36ff5d6f35586aef7f3"
"1676851200","6ac32013875a3e0c6f7d63ac0ac9a912"
"1676851200","c4b90517aaa7de7029f3defed947213c"
"1676851200","67c32f228f3de9fa4b0b76db09fc3231"
"1676851200","a5ff7b9d994a3cedb9602da0b39ab783"
"1676851200","3c07ba69e070fa2a999db0ce77eb0e13"
"1676851200","42954e2002b8ed37db7614a595295903"
"1676851200","545f545355d4d908762fdd53a897d079"
"1676851200","98017ec1473e64896a82ca1e9495ce10"
"1676851200","e93e886bf4d852f16fa60e491b470919"
"1676851200","58adaf13bb8969eb53ccdf2e93404925"
"1676851200","602b4d63906c7d37ee4bd1394826dfec"
"1676851200","90efb8471bfc84b74ac2dc134cc1762c"
"1676851200","aa83cb8e9964973ccfb9902bb0440a5b"
"1676851200","997bc692863b3d8f513d833219c8632f"
"1676851200","31d1eb730526ee39a0beb9505c21c9f9"
"1676851200","af73da938745f485a801c26af1426941"
"1676851200","4cfb4936c30bfaa96405cfdd040cb69c"
"1676851200","cd5f19a235347dbeb3b1e6f49571aeee"
"1676851200","bb3af415285aa7dd71247529f14bf20f"
"1676851200","a0c709007232d49647fdf4c4a173a342"
"1676851200","44f83efb9d6fe48c5c01c9cefd3313e6"
"1676851200","d1c19221253d1faffa6064ff2e4f14ff"
"1676851200","eac5c62d69d7a0ecd2f7ee41363632ce"
"1676851200","6445e4f1ba6188d6d765f9894fba27f7"
"1676851200","99e19c4a4a8a972005902bf6129867e9"
"1676851200","5b0f7080f7a7172b25a917122c0b0a4a"
"1676851200","0fa8d4d5e3211a16a26f75b726336d93"
"1676851200","2f67e873f4d733498ce8b6b75de6e618"
"1676851200","39b7a8f678e6153bd18af8ec13df1d9a"
"1676851200","ada984f5a87551e7f2ffb2db513410bc"
"1676851200","0a04e33981b9d89da7bd169e338d1e6f"
"1676851200","a3bf270100ce901810bbd66cbcc9b898"
"1676851200","7a4455e145b1acbd26109c85a08a369d"
"1676851200","68487fbc280201de48ff3be0036f1e4e"
"1676851200","a13d79040565f1f7806888fbe7bd9a7d"
"1676851200","2696e71d4b08601e4ac85951c9098031"
"1676851200","0b2a7a8604672d2106df050c8d322545"
"1676851200","730f72a73ff216d15473d2789818f00c"
"1676851200","0cf29479981da646252c33c5687989e0"
"1676851200","1cabad1057bcb2e9d75431ea4bdc587e"
"1676851200","419a8fa93096fbb060ae6590c0e19e35"
"1676851200","04406ecfc8bd28c1f0c1a09e57dc78ba"
"1676851200","23462982434a9fa669ec934d3097e207"
"1676851200","9630654d22356e5ac56bd8ec8c7b690d"
"1676851200","1a13d4ec954c25f275e82c23aa6cdfa5"
"1676851200","58ee1f7cf0e5299cd9dfd31bc19c36e2"
"1676851200","aef1d7683017e7f56e5ee4f17a27246a"
"1676851200","19603bad6bc5ab88db2281471691092e"
"1676851200","cd3802577229fb8b8d635719690db658"
"1676851200","7f30b8c5b208d475606ec993512790c3"
"1676851200","c684ce8368f9fbd228c2b1cd58bded38"
"1676851200","fc7b87c7016f8422c74925cbac2750ab"
"1676851200","a28a8c381f7460d2a35f10186ca34dd6"
"1676851200","61681abd9c03797809c704c06e1c11d3"
"1676851200","942a2031b48a27a7195e20f043962e89"
"1676851200","55a73026582ec6302b480c4211c45fb4"
"1676851200","973d6e6e9c90077aca304c92d1c124e3"
"1676851200","1602cc7e53888363c1bbc1b1140bbb3e"
"1676851200","3eb236c84de67e1217b2c9b4489a6167"
"1676851200","e7e45fb3d4899b886214f926b4ac845d"
"1676851200","fa6ef5c487c9df577931e5c77f3648df"
"1676851200","aa312dbea3a558ad2b5dd30dae22a423"
"1676851200","4f9c3bac3572fbc25a838aef30ba4151"
"1676851200","8d174239a582a76c817d75740e11cfdb"
"1676851200","e36ec68be061ea0a391bac0d1ed99b7c"
"1676851200","618b0ac314b7bee3c5abc90869b81b64"
"1676851200","833110dd40d17255789bfba30e995dfe"
"1676851200","99b5f1d67b661cc66c4fb61ab153d43e"
"1676851200","692f99a41ecd58aeef596d0884afcfcb"
"1676851200","6107c4cf5868bb63e7fe16f86a6c2ff6"
"1676851200","1a407e52221b97183188a70be1326ade"
"1676851200","e021e83dc469f90c11cab42cd0cd40e9"
"1676851200","8f82226b2f24d470c02f6664f67f23f7"
"1676851200","00352d493cdc9e09b5faaa89944e9de9"
"1676851200","1fd1d3179487ad971f7fd58e0a426ebd"
"1676851200","0ca4676364c12aeed13c10b19f6087cb"
"1676851200","a5c24e5b1b54843485f05d8cf41978d5"
"1676851200","de136aec7ac2c7d1431afb0af74ac215"
"1676851200","7c470eae0881050008f9108fb190658a"
"1676851200","9880fae6551d1e9ee921f39751a6f3c0"
"1676851200","c2f062d9f54071beffefac467aa55fc5"
"1676851200","1c4fb7c41e7928bfb74784d910522771"
"1676851200","574b31a7c622e460d063a1958ce3d568"
"1676851200","042ecb6f666f8e125717ed7c087c3357"
"1676851200","a986fa4e47bc5faba92389dd9b3ecc9b"
"1676851200","5a0ec00d7d969339f5643a90fcbcfd3b"
"1676851200","ab99beb3f8c06723ed7bda90e5065901"
"1676851200","f2d61d302bb23636386a335b5c38785e"
"1676851200","d310278b81a46299117914cf55629c2b"
"1676851200","e56739154e94bc147ae3787e82189d97"
"1676851200","870bce376c1b71365390a9e9aefb9a33"
"1676851200","215a03c170dd45f5cdf3cfe2fc250ee3"
"1676851200","a2fbd50873e6acf37a70f5df70420526"
"1676851200","da6e0ca424e217e73b9e98889d75815d"
"1676851200","05ca41a79dd226eeeb10491c9155b91b"
"1676851200","9b98ca81295cbeeee2dd0e71ff5b0840"
"1676851200","c2cc0746b3ba59666fb2be88cf3ce7ab"
"1676851200","13e661491c30a5fbf2b99cc2de030ff1"
"1676851200","029a78bc0cac8dbe00b93cd7f099c574"
"1676851200","d69fd2af32c29fdf8ef3967ef9c174bf"
"1676851200","d7b9613ede0b2dabad62579f925b17a2"
"1676851200","d3d754a0b6d4dc5cdfce04ecf71f6450"
"1676851200","ea1fe82f746825fa6b5ff3339d304eec"
"1676851200","c9a93b54fa78f898fc03994efc8d1da4"
"1676851200","1fc09b8f533bfb62846583e858f07da2"
"1676851200","91ee5b5e175d3705f0712aeaeb44c36d"
"1676851200","dbc11dd042319e7b957a13c27e779e05"
"1676851200","75de8577bf18a617bf487034dff2b135"
"1676851200","b86bdbc1367f2270c5773f1e6301ad72"
"1676851200","5706bc5d518069a3b2be5e6fac51b12f"
"1676851200","1e9dcc83a157d2453ec71b551bd62e2f"
"1676851200","fc3aaad75753351c5a0c503d7894ec3b"
"1676851200","1833f25145ca5092876933d95f824179"
"1676851200","4105f768a085bc2adffaddc25943d23b"
"1676851200","37d529f955885917f4ec8e5fe7ff596b"
"1676851200","cd5b9b396af0cf0b619f521158e9f294"
"1676851200","892a6cbe7ea892020e41631a66439f57"
"1676851200","0dcb73a3f228f3c33d9cda4eae1d74d8"
"1676851200","e15b474e087940f3ea962a7c78bb05f5"
"1676851200","952bd800d4e8fb93e98e0df539565bd6"
"1676851200","44e769c05d6084b1640dfa03bf03202a"
"1676851200","ea1e0968602341d66f0a96b8beed0b37"
"1676851200","c05c56b6923e6dd98c7f7693df209c37"
"1676851200","6c3629135cfcf51699dd84ddc1d4ef81"
"1676851200","0ce9908d4b8146a4d319e38f5c1d0955"
"1676851200","2670a3183b4d2854a263ad575128fe0e"
"1676851200","1786105c457e1a7dfaae614d24841c6f"
"1676851200","175806d4f4eec3c4840a9e671755360a"
"1676851200","ec20aeb2f15ee5f3680916399fa5a875"
"1676851200","27fdbd22f99a9f740ee13fad48233bde"
"1676851200","6d1e6ed195d48238196a2779ffc70fe5"
"1676851200","e2d43c2752ac2abb5899b44b5d371f9e"
"1676851200","94483b31d63533ec3f92ec84364e530c"
"1676851200","8f3562e8b4a58bc42d8d1ae83f04f0a9"
"1676851200","b5feb67f622e1572bdac818e8e53ea37"
"1676851200","7cf857aaa38383735f44869ee9b93504"
"1676851200","4ea31015a4976b14318a645b321cf678"
"1676851200","cfc568115bb0d4a53868911df3c52943"
"1676851200","bebfe80156455464fd3d296dae2e55b7"
"1676851200","eb58790dff5ce975c9c80e49771e42f4"
"1676851200","ecfe352e4632cdf2cb753b27e8be4a86"
"1676851200","36026925d646f1f1a4f3ea6bf697b264"
"1676851200","261cf243980cfd9728075c54ed11221f"
"1676851200","ca91b4815d40f5d1d2317fbd7da3c20f"
"1676851200","a941c4655ea058dbaf01e0b2a08f642c"
"1676851200","f2981a435b0dcfd0c68e26409c536474"
"1676851200","66d49d7d360062dcd1e6061896d58609"
"1676851200","2ecf0ef101b480a10dc3c6c46e17eeb1"
"1676851200","2e23835ea1e21a2b002850369fb179a2"
"1676851200","61722bc634819685d458be06a5698561"
"1676851200","0a5094d45bd1781f166f0cca76ca5044"
"1676851200","cc6fe104b7e53a66f3f6073c8932dcdc"
"1676851200","f8297318a6c9e8435b6dcfc9eccef61e"
"1676851200","086c13a0c8a9406d831159103f6404d6"
"1676851200","74e866ed943e34089f77b836f9ee66d6"
"1676851200","5e3ec333a0b2ccf85fcc8ef31c1c8caa"
"1676851200","442794f9a28ab4252f1050e605f8e3ed"
"1676851200","0e9b94fe7b9fe17b811eadce4a01445c"
"1676851200","f160fe55a801ad7411866ff4801e025e"
"1676851200","a4e060ebd5bb75b17e61e711c97b8ec0"
"1676851200","53a282b236d94c0fea469ae45dc13d59"
"1676851200","c7a838ce7c0a1c55ada065a75e5edf86"
"1676851200","75688cd0fc79df64e111de9c3fac97b3"
"1676851200","22bd20715d1039e6b525f531a60007eb"
"1676851200","e787a44dd8ef674d45a671765927507a"
"1676851200","e537f7f92dd8def92a4188109b308461"
"1676851200","1ef2d38585982ae7c26ec9c9a9d62b22"
"1676851200","999af756d639cff4d941d827cd068c85"
"1676851200","aaf317ad67164822592439692926cfa7"
"1676851200","96847e0b0b22e22c7ea004d5765f88a4"
"1676851200","8878ceeb7646cff75e66a90d250b7627"
"1676851200","b35a3b86329886ff90c3e849828e79b3"
"1676851200","3eb3ad17db571965878339687e24a437"
"1676851200","5b6271c1ed934b97dabaed246d7bb42a"
"1676851200","95ff6749d9e3ebdc3bff56c0c3030b33"
"1676851200","8654f45ca86d45b40eda29324478b986"
"1676851200","74ba9b8614fa6b9ff8046c12e0340965"
"1676851200","db23906b185b4ad3cdc8fcf496c2b22a"
"1676851200","d78680fdf06d59db2e8300c81e5f9985"
"1676851200","1f3328134549a92ee8d86679d032f9f3"
"1676851200","d505c2de27c4965404ea6b9bebf2e2fb"
"1676851200","822e04d01976758fde626715bc7088a2"
"1676851200","0df739d47793af85b4b2a2080d4ddaba"
"1676851200","c271404defef64f1ed6957c5b5851633"
"1676851200","f75ed96082ee0669311851e7916d38c5"
"1676851200","4b39c4d5a3a7dd9f438be5d822e2b87f"
"1676851200","abb1648fa109e8244156d44fd5112f1d"
"1676851200","13bf2ca81bc2d765d3161a014757fc4c"
"1676851200","b98f2fbe120a269439e261b8d218f4a1"
"1676851200","f3b2dd15396e72e678a14a961fd2f68b"
"1676851200","c049c2e2713fbe699516393f562c9834"
"1676851200","f1ac50822deeaa5e763ba4626ec8ba45"
"1676851200","2e893ed360a5b3586ae13862a492652f"
"1676851200","53f24f2203b59df63cbc32b6487a636e"
"1676851200","8ca611951410f9a93dd4f371dc9c8f0d"
"1676851200","46808efd5331489a931e51792623caca"
"1676851200","32a3f802df6e522308613dce10da49b1"
"1676851200","c2ed17de87482f308698c32e60477400"
"1676851200","db9dc3b1a0392b15147de8a8a78628df"
"1676851200","183689c18f8786bd6dbbce93d9339220"
"1676851200","a3d5aaac189021023694ea4f12237718"
"1676851200","fe7d5f78731825e0bfc04a7e7d152acb"
"1676851200","5337965be2df0b9c4876153e7e146b78"
"1676851200","331007cb55dcbec8c50e0aa44dcdac4e"
"1676851200","23da4bae336b4d65847143e638019c60"
"1676851200","7b58209f5e842f3215e36a5275bdd489"
"1676851200","4b52c389e22b1c832f235895aad29e39"
"1676851200","d7922071e9f60c4cd81a6fcf12311e8b"
"1676851200","4e86a9673a6474a976a2983aac9d2cdf"
"1676851200","1d1623086ea140af7eb85ee1feb06b89"
"1676851200","3843b673c14a863ec64aac066fb32571"
"1676851200","fdd4ca39b4d0673b649410253ab5ea06"
"1676851200","c6f651dc9626d36550f1fd746044b3f4"
"1676851200","3bd06964ca8ca3fde94ecb66db8485d0"
"1676851200","3268eeb84e00cf671984f2015f63d397"
"1676851200","4f70ac2e9e02881772365473813b1612"
"1676851200","276738594589cf95571ef39e13e20fb7"
"1676851200","c1f8ef0d12ecdebc0a4f5c347b8067bf"
"1676851200","87adb14271dc49e6b0f2eb4b03f4bbe7"
"1676851200","f378237ff6ab667bb77334641c70e8de"
"1676851200","3907547dbaba1c9566ad3baa35834e53"
"1676851200","395d7f8abc56c014a5bf16b9c39f385e"
"1676851200","48a7afc559e5ffaf5334becab53d0f69"
"1676851200","b00f04f70c33e4854ccc4c1ffdae8fe7"
"1676851200","f8a8a9163c847a2144670680479a771f"
"1676851200","d90afe62ed7c9a9b6917a6abcdb67a95"
"1676851200","f0f8e9d46a027b0c3cf8191a426cfc30"
"1676851200","1687a9344380a746f16f2f8b67251a23"
"1676851200","1c6055e9bca5afc2b56f44fedaab0030"
"1676851200","15243aa12a4e37db66278c16b50ee60d"
"1676851200","a5be52c0c173049ac7e2d10c42493ccd"
"1676851200","2c645ec8e7c7b4a11d6456570a6e4b56"
"1676851200","1d1948337f8fba2bf9d387977907a95c"
"1676851200","fc3b4faaddc092897cba2ced6defff0e"
"1676851200","6eeb03a6f7f6f5c8dcfaf11307b0f027"
"1676851200","3f6e5ba5a2106f2d4f0f0a27131889e2"
"1676851200","6283f146de9efc701fe73cb8e70dcfdf"
"1676851200","f412d8ba7918cd12cb4a8c60660cbbd4"
"1676851200","b5e78a36a368a0fb608a44283dde5ff2"
"1676851200","09b3dcb082f4cdfd2085100a0f058240"
"1676851200","79f1d2b44a617ed0d1cb53af34ff54a8"
"1676851200","ea9379833be341320f0c8a5aee3bc9f5"
"1676851200","7f8ac11d304459d894c390430c339728"
"1676851200","407a5d95a12198f43e589fca5c543320"
"1676851200","dfe661247434633a575702de82ab8a80"
"1676851200","900937ba057f10ea5f9071c98d0879f9"
"1676851200","137675aa030b36d3d775ba3b04c46c2d"
"1676851200","1d379cd11f43dc53b26323b0d06fe6f4"
"1676851200","76ab61758bc119bb53a3abe9ab8b2089"
"1676851200","2df440deb9dbec4a6a26465aec9e0f06"
"1676851200","18891e397b8f8af9fee66b1d28a7c9e2"
"1676851200","96f58fe354119f921ee2ff1e40efb5cd"
"1676851200","077f59d586a5612d129a49cbe51097b6"
"1676851200","4c7ff3331b27c4e59ca615bbae36eadc"
"1676851200","007bab47fbf05e5541532438ce4378d4"
"1676851200","15f40a8d5bcc2e1cb0cf34e0f3203230"
"1676851200","8c97466e3871f11b2e4164d57815935a"
"1676851200","2923046747c8a253dd01d41f79275f39"
"1676851200","85e7ea4f4dc53e10bd9707b3d2904dda"
"1676851200","0a779a0d2283a7ca86a17c0c1897fe75"
"1676851200","e40f8e7d691755de31e68121aafaa3ce"
"1676851200","8eaf2f386c1131c72124e51f3864d866"
"1676851200","3f2ef8547a3988e01df548b25ad66888"
"1676851200","bc4a3561312ba8ffd09bda2d15b0241d"
"1676851200","b0ba4d09ddca8313e04d0d8550b052a6"
"1676851200","ffd0883a1122b71034df6fb96c702086"
"1676851200","cd97d1d90ef161062e052ba8c1a7baa9"
"1676851200","2cf632567980c7f873aa0bd106b47fd8"
"1676851200","cf43cf69801a003a7e7f4d527e938dd4"
"1676851200","d8c0a87411ad78db78b7eeae4944d0ed"
"1676851200","5ef6e73123779129de6a411410577f01"
"1676851200","83f95752321383fec08f14993baac06d"
"1676851200","b4757b027c4872978fd8ec19505a0c7c"
"1676851200","236c9f552a38ac0be5051942a1cd127c"
"1676851200","538681883d93bf802b110cd2e5571dd6"
"1676851200","8cd1246df81887c36ed0bb2f40ca5b21"
"1676851200","e4ca38d4bfbc7818cc1ebeff5d445e08"
"1676851200","7e3f575f736401db96d9b8557f12a1cd"
"1676851200","5048e33ca512d7a762eb4c6a45919fca"
"1676851200","e3fdf285b14fb588f674ebfc2134200c"
"1676851200","6439bd9343d0bbc8fcff92b55e35f3ba"
"1676851200","b53cd4ad8562a11f3f7c7890a09df27a"
"1676851200","4a012926d1692514a1dbf2fa47bfbd4d"
"1676851200","181cdd730ce18547fbeee55c995e5f3e"
"1676851200","f9f112479af939c79af58d8470bbbcbc"
"1676851200","5b0a39ed9ab078a38a48bd0b594e8806"
"1676851200","c3bae1a480855b06487935983509c20b"
"1676851200","908a00fa64599d1f3e40e5926bb77548"
"1676851200","347e5c8542fd7cf18095ea24a49554ac"
"1676851200","6c91202857d8c7d344156525808edcf0"
"1676851200","070b16e9a08b598f4cf8e54c0f3e1641"
"1676851200","95d68f0fd37c474a9708956752d6f824"
"1676851200","c064ee3ebe18f36fdc96a451725e2d7b"
"1676851200","8e2263d76afb7c0fb9aab905324cd15b"
"1676851200","90668d2907c438bd0eb4a7047510d13d"
"1676851200","5aa9c70912510e9abea715c55c70e72c"
"1676851200","54a65d42620d249154a2ae07c6e35aab"
"1676851200","8c9b3692e74bd90ae811582ad99b6fed"
"1676851200","ecd8edc0f4810c00751c661db15e4335"
"1676851200","7266cd7a42531d8ac55c41ddb3c7f207"
"1676851200","08322f4b0c3e0e8d8a4520296846ff28"
"1676851200","c1dfb3ca46389bf3c8a1aa334ddc0f9b"
"1676851200","38481297dff0d72cc14513be133f39b3"
"1676851200","09bb085f210b8b4389b96dca2024abd0"
"1676851200","db6a2e22498c3ee54d663f11ccbfff86"
"1676851200","fbb4c43cb5536e2b36dba308635d82b0"
"1676851200","0804a816e70e900e831d71aefdfc248c"
"1676851200","adf9a1f836c37423f8799fba3e7950bb"
"1676851200","f78d9918d7bf3efbe98986990f863568"
"1676851200","f04aa033d9e6a39d3d1940904dab473b"
"1676851200","53ecd778be4f2466ede30ccfe8952e73"
"1676851200","8215592ad8a34729f800239617db30e0"
"1676851200","e3a2ab14248f39e9a39467150e0361ac"
"1676851200","b5bddccc0175f37a5e5d5c1579cd3a62"
"1676851200","99398fa77ad431e7303c9fc4c9520870"
"1676851200","3a935ba5d4629d85f22a4344be2a5bd3"
"1676851200","f574529cefbb4b5b66da897bc499534b"
"1676851200","df036e087e5491298d2eeaebb7a2e604"
"1676851200","caadd85c84ed66919e44d324606f5289"
"1676851200","5c16de5a16ef6f852cdda88797fcadfb"
"1676851200","f7bb82b0e665b494bcebefc7351f46c5"
"1676851200","4e353331897d241e1b5a96c6ad459911"
"1676851200","2de73a1d6d43c3cf9ed9afc4792fc26e"
"1676851200","2c61b1a678a53ceaca36d97a1a360ead"
"1676851200","b6ec62d4c972c0e40fb48295dc3b8d6d"
"1676851200","69fa368823260cc016e4ea381a26ca90"
"1676851200","54b3e0fa7fc925915d599a7a08ee9e69"
"1676851200","25103574e49251be0825db6dfccd66e1"
"1676851200","1fe94c9b44922b06e4778a6ae72918d0"
"1676851200","17cd4bb9e52494fb4b004655f338d2c1"
"1676851200","4152dc14917435b8382f35f6e236ad49"
"1676851200","238024ab01824ce6f51e48d8cb33f78e"
"1676851200","50fbd5a5f85608da6a904fc972841660"
"1676851200","b7c47afe0c0ed213df8a74c6113c0732"
"1676851200","9fa3d68fb790a7c2fc1c662d9b52f73c"
"1676851200","7970b631c66ca509baa91dd7c4bc186b"
"1676851200","e989894d2c7ea5655e5aa33b80e6b7ce"
"1676851200","17fb3d0eed428ca329c0c07d43ac943c"
"1676851200","936cceaab9cb7f04bde8414240fb0bb2"
"1676851200","2ff3f3376bbdfcb311b0f8279c749067"
"1676851200","7ce90ac0bdc6b44b538e1196f41de730"
"1676851200","1bbf3821d0dfbe581e3149339f6bc6b9"
"1676851200","d35bc094069136a56373ef33ce20a786"
"1676851200","d1e4d8f4008d2f0c864ba9d776eb8f40"
"1676851200","4afe4ae82e5bbeeb15815339eefeed15"
"1676851200","83854fb53aef0d0597df194487f22e64"
"1676851200","9b8a612af354ec3269e18194f43d5494"
"1676851200","821ea58e3e9b6539ff0affd40e59f962"
"1676851200","f4e43c0d599526d8626572e592a4fbf6"
"1676851200","ca9f66b787114289e9deecf65be0d7cd"
"1676851200","aebc23ddaebc52a65e8b8ffde10a676a"
"1676851200","de100b3059d91553e060089be7139626"
"1676851200","dcb505dc2b9d8aac05f4ca0727f5eadb"
"1676851200","6fc4ba95ca79651b6164540b84ba2336"
"1676851200","99f67c01c5fbdb865fcd15b1750a1a1a"
"1676851200","c69dfba8b341bf25c3892f4ddf10af73"
"1676851200","19f4d07ed8317efc7601307a0cf96d71"
"1676851200","f164310188e47b67502bb2fdc5a045dc"
"1676851200","eed3b4ac7fca65d8681cf703c71ea8de"
"1676851200","6d29e9a4a95bef66b3efc4694a01ced0"
"1676851200","2902e12f00a185471b619233ee8631f3"
"1676851200","0e6dedb422525cdd4f7d0f3153c14a5b"
"1676851200","f1a5d2700b38660384268d13f448ce91"
"1676851200","9ea5b27b059b79c2348cf7396d63ac73"
"1676851200","aefcabd1be04aae687c446928cafc9df"
"1676851200","4af4380246751e19aac33f9b8eb5b6a4"
"1676851200","44f8a8931122759cc34fa8911a3bfe1e"
"1676851200","0d73ae7f1156fb86fd4794589c8c1909"
"1676851200","9f1aae2b56ebe6681de5d6a376394e29"
"1676851200","76e0b569478f0d396b9e2949178f0926"
"1676851200","4f28e4893a5484751b0af933e62b8fe8"
"1676851200","92fe63900ded64a2cc1e9283bead7583"
"1676851200","2fa922ce2e2ddb6b4f5b03e6ae38e25a"
"1676851200","2c72d5c4d065b9fe24f97965c87571dd"
"1676851200","cf76619f511260221e254c70eefbbf59"
"1676851200","c3d6147128605ee0d5f7409716f02da9"
"1676851200","bdca29a058eee6e7c0667785cb9f5ba5"
"1676851200","be0dd93fa3b5bc2499910ab07fe89d63"
"1676851200","9770f68ea5c7402f7b346a18ea35dfa5"
"1676851200","cb9e877002111c6a01bf2a7c52071e94"
"1676851200","10ec551691cf36c877e72dcc1d20a72e"
"1676851200","0ba4f29e8ca7af5f002ef4ad73497950"
"1676851200","e0b6e01a7b08254a545898926aa5825e"
"1676851200","1db147b36207e873bc3fab7e94fb23ec"
"1676851200","8e9b5572a7470a015a4bd2b91fd78ab0"
"1676851200","edaf78f149317c23608f352a9c443ec0"
"1676851200","eec0f5a80daa57bb84818f76d521721e"
"1676851200","0c1547605d82f907188fbcc47f6d12ab"
"1676851200","2d5783859d8d61e0c1481220c4d53f90"
"1676851200","3a6ae3655edae188db3922dcf32d5f75"
"1676851200","d49a9dfa3695e05da9c80cd0fe63b2dc"
"1676851200","2ab4d36364cae5b29e8381a6e83e4b5c"
"1676851200","7b1da482ed94e6260d2574998192d840"
"1676851200","db1c119c5a311d1196cc277a50c7e55c"
"1676851200","7cbfabef1d7094beb759ee5d055839a2"
"1676851200","9c049214db41647480f738835451f993"
"1676851200","865004f0278a4301cd6919a58e09c9b2"
"1676851200","9c05ddb57c4d16198cb1240f14cae2f2"
"1676851200","00b80ff26fa818752f5bbab889183251"
"1676851200","5490a44994acf0d992075a60f782e74c"
"1676851200","0d84005af71574a568567967e666cda5"
"1676851200","eff1ce4e3c7459a8061b91c5b55e0504"
"1676851200","cb7a603b05796bc289141e48902d78f1"
"1676851200","ed9e81fd86ca686c0c002c77772f0488"
"1676851200","acaf2883810813a95072979e248bf967"
"1676851200","1c4fa19262309a0c757dd144ba25df61"
"1676851200","547399e2aa49c31aa4916d6ceea18e45"
"1676851200","66cac61deace1dcceab136a6a0b367e4"
"1676851200","75de744c7b75a177547504b417016d7f"
"1676851200","3b5337f72af78098c9273e8dd5a9aadd"
"1676851200","9e685dfe31d570475193aa0111962adb"
"1676851200","a27703b9501533aa44a1e94ba33351c4"
"1676851200","783597870319e8fc1c818c5f13e28a0d"
"1676851200","db0600a901398bf21c4aeb1b3eb17060"
"1676851200","d3c0cb83c45fe33bab6ee08f2011b7e1"
"1676851200","3e7c41985d442615375c28e88185cdd2"
"1676851200","e4b57236a0fef031a6ea694c257152ad"
"1676851200","00f6499cc888fdba16d95d288828d0f8"
"1676851200","fce62d520eb7ebaa2a2250bf7f4db3f0"
"1676851200","4812bf777491b4da6a1266ddc5a6e9b3"
"1676851200","0a3c44f137a549b946f72c0ee25af2e2"
"1676851200","f28158fedbbf9d1702643bafbfaa3939"
"1676851200","4c703e3e4daeeaa2e1550966614081f1"
"1676851200","93b84a124d2b5d32ae309f795e7505e1"
"1676851200","0b76f7e0118cd3d5abaec6bf5aaf92fe"
"1676851200","0efeb39d61aa07565926549334e88b49"
"1676851200","c5fdece7e07c73994af4ad1320f6c3e8"
"1676851200","75b6def8ec238eb00a82fea2adaa5428"
"1676851200","25c6130046b2e6f2ab4b6e19a2a0a944"
"1676851200","2669797e2526416b16fb31d6eb817317"
"1676851200","b3f36817abbe58c4ac8db58503982580"
"1676851200","cf8a9e3725bd6d00629a54ef33214ad6"
"1676851200","8a163ad1f387fe788b42685862643ba9"
"1676851200","3d704cff3aa2897771f1634b83f8f6c2"
"1676851200","a17a62fccfd11ca54c890917dc8cad2f"
"1676851200","e5b0c7502291f92c605dc17ccdb35eab"
"1676851200","82b7d20aac746aa17b5c6915f04d9923"
"1676851200","b4e4d316a2c2a604845ec3acdd8a6f4e"
"1676851200","bd1408812730cbcba04618c8abe22d83"
"1676851200","da0142e7578217f9a1f57080d6786e15"
"1676851200","f331b54e3b953644849d5090b23214aa"
"1676851200","ea34ac6bf9e8a70bec84e37afeea458a"
"1676851200","7b1da482ed94e6260d2574998192d840"
"1676851200","fe0e4da60a2422cf932326706165f01b"
"1676851200","ba5ca5f354552dca47ca8ec309945a89"
"1676851200","c6868e738b3af3dacd498266eb08dd5d"
"1676851200","d209a92fbf340b2ec20c255cedee72f0"
"1676851200","d8f4eaafcc4c1c1e72dc2fe00cc02b6b"
"1676851200","3e279746c7e9f38cf3ed1080d1fb6351"
"1676851200","2248a1de506dd374cf4c1b08932efdd4"
"1676851200","811261c11c9e661ca2f50e60b27e3ee9"
"1676851200","2fce74c31829c960094bc236dd7b642a"
"1676851200","3bc1582e021ec84510b09699701d80e8"
"1676851200","5847a6ba6ea63fef8ffcb0d69b5e2a02"
"1676851200","6b7c73071a6d4cc70ececf01fefeb8dd"
"1676851200","fd693b6a13f4ff5f621cd5944a3fb047"
"1676851200","20e0b60f41cf73d3a5a9fdf5427ea36d"
"1676851200","38ff71c1dee2a9add67f1edb1a30ff8c"
"1676851200","dcf549db8a20a22e3fe4c4195224ef72"
"1676851200","b2c6c6a595e5f2a1cc355f34109418a3"
"1676851200","62ec94ab002cb120d20538401d050565"
"1676851200","724e290bfd0f9a3e6b1f79a54d046c86"
"1676851200","a71be4587780e3277d1b5c6fb55908b2"
"1676851200","66fd6c74d8d1d68e7257b3ca12845daa"
"1676851200","599cf9f4f6ef6e2f4033cafa7dd073b2"
"1676851200","5f32b0f8f0d6d524969702481267cb16"
"1676851200","0035c8ec6ff65bae4643764b8c3e4e71"
"1676851200","0db5075e5222e059d40996383ed6242c"
"1676851200","8951ea74c4932cb3002488b313b0921d"
"1676851200","15b673123120de3ad28a44510d7d0f22"
"1676851200","747a030f09347e9a46cc16264e4a240a"
"1676851200","820e2ea9f481181b427fd1bb00872379"
"1676851200","de1d84addc5b56bfb3c4ad0b125376df"
"1676851200","2420d041d03161dae581496e01d7302e"
"1676851200","3ef4b957cbd8922f5bba0cfc031a6c94"
"1676851200","8b50d468499c832cf791616266ea98ba"
"1676851200","2d2322f358e0c51d93377e6a7f20ec34"
"1676851200","144877136e6b11af826876db71e28930"
"1676851200","fad3944f5a0b03f59075b32cf4b88d13"
"1676851200","a20d2d86457a839684ebdb4103e19cf6"
"1676851200","ce8f118eaa6495846d3cd03c94e9f0b9"
"1676851200","5431f657fc2ee269dd672c0061ee6e28"
"1676851200","46603a19f28cb1fe90c3421aa37efe8f"
"1676851200","ef636ae3f03bf4e28ccf47b357314da6"
"1676851200","37412384fff4d5414fcea7d2baf67262"
"1676851200","99edb07a17ed498f9542b6a98323690f"
"1676851200","72677d78bd1a2e33a2e58bca7a539507"
"1676851200","1c1f7afc9eedc536bc114fdd31e127ce"
"1676851200","ff7cb9157cb81db5e3a6854938afe6e4"
"1676851200","97415cb29e1e0100bb7b47bb6c43f816"
"1676851200","d306aa4a457ae212cf945ebb70c95511"
"1676851200","b42414baa2acc9bd03b26d8bdbba9673"
"1676851200","0207ba2b3563e3a51d6db43d40cb6edc"
"1676851200","1fe94c9b44922b06e4778a6ae72918d0"
"1676851200","1b56f2686007e6e9e31ce0f690b43d98"
"1676851200","3903dc3abcc18fe52937571a77cba0b7"
"1676851200","c095a99e7a2ab79bb81d613034b5c36d"
"1676851200","1b55ec5baceefa924af9dff7ba3108d6"
"1676851200","f030dd37f9519b8a1bd20516d03861ea"
"1676851200","c702b01b9d16f58ad711bf53c0c73203"
"1676851200","d9b015038e8d05ea15d804028fe3a4ff"
"1676851200","d612af6a68a93437caa44e54d8be5b1a"
"1676851200","51858e710175deab05f3d779a03a3285"
"1676851200","0e98be57966f2b40193cc07f45c113b2"
"1676851200","22f667d288dd28092ede054837cef9ad"
"1676851200","e50893d005aab753224727948667615e"
"1676851200","cae2dfd39b3e4229f31f4cb933262405"
"1676851200","e13ec9b483accaf328987dc85703d84b"
"1676851200","606f20b5200f8bfd2929447a13b3ef06"
"1676851200","bf56e74c95cf460fd722bed6e3ec6b73"
"1676851200","baf4a12ad16e53dc9304300dc1463af0"
"1676851200","fcadcae1d7cfa49d1037b55f92df1274"
"1676851200","450f49426b4519ecaac8cd04814c03a4"
"1676851200","255150414951110c30aa4174f939ae8a"
"1676851200","6bdac623fe2fd82b91ea3d7be9eb939c"
"1676851200","6e3d490cf3a5c4c2c69dfffc4dd1768b"
"1676851200","d367140be598f20a8e80c28b1f78c83e"
"1676851200","93167c044c0608a7c3fc080b2bcc24db"
"1676851200","4dbe621f41c973b3f2ee033a7c2576a0"
"1676851200","9acfde99d22453ba716dbad648fd7c48"
"1676851200","d220e5d71f28cc96f952b755b7db35dd"
"1676851200","1956d90c88e381dea25a9d3c0b4e6d94"
"1676851200","4b83c32460a106466183aeb4c346b6db"
"1676851200","ee4347188cce95591187949b7c79a410"
"1676851200","8bd31b35929261a9662b4d55a77508c4"
"1676851200","58ae8dbd74d3d5e8a94fb9a46c399563"
"1676851200","0829a53d10b6568b42ccec7f4d371891"
"1676851200","74ad6bdcb13817ef239d6f3206bb0092"
"1676851200","64131f546a2f2025765b6914b37cf914"
"1676851200","2424aa95445bc69e2d05e60db928c695"
"1676851200","9b9a127b45c1fe0383ed9a52fc2c2357"
"1676851200","de7adf4b7ff6f13c21b9e11bc7f90b7f"
"1676851200","c4358e7c4442d6cfe33feed153a4dd44"
"1676851200","adec0d9ad023a02ff1c5666cfc0ca8fc"
"1676851200","29b671a682be8a3ce4428adb65bb27e2"
"1676851200","31272fa9666fcd6d96a8a90f24e66f96"
"1676851200","41542dd3285abccdb98eb01bd458c0b9"
"1676851200","0c849921e2e07ef9015d0d19cd9ca0b7"
"1676851200","58a67ccf8fda64c230c24dc71f7ddaff"
"1676851200","dd3cd689a3e7edfce522f6d1589d2592"
"1676851200","3168a9c81035ab3bce149106666d2523"
"1676851200","496f79f65fe67127ad07b18f8e8560dc"
"1676851200","d07d269af45c7314805fde7fe249f316"
"1676851200","93be04798ee0891d57b18839d5f1e7b8"
"1676851200","d3d34362f8606ca230762495dc1413c4"
"1676851200","3ce9c20950f4c88365f5b00821fb82bc"
"1676851200","9ddaece78555ede074ce73f034c6df4a"
"1676851200","8572483d2308b3e4aea0d11c30eef98e"
"1676851200","d3d32fdba688da347f0ba95456bb48e3"
"1676851200","597140ad7d9813a064fdab3b0d098279"
"1676851200","295cd58f9371041d483b108847a24080"
"1676851200","6603c5f97fdaaf7dd29aa7a71b68b678"
"1676851200","2ffd571e061855d4ddbea8a64062f418"
"1676851200","c4f984c145c417232c99717f0cfa7306"
"1676851200","51618ac2b7cf5c4937213e965c00f20a"
"1676851200","c644c04bce21dacdeb1e6c14c081e359"
"1676851200","3762c13ad11b38b34e00d2d90d638115"
"1676851200","92c58afe23acd76e5f0ab0c8f0f0394e"
"1676851200","03efb6259fce4c010d0a52fef9fed938"
"1676851200","6676f5851567e5b6ff2a6e41543ee8c9"
"1676851200","92cb948dd6ede681f19697871bcf7a8d"
"1676851200","0fa8d4d5e3211a16a26f75b726336d93"
"1676851200","7dd393107012a24d94753d5791245854"
"1676851200","7973554c0b8afad0391ea661cb235120"
"1676851200","800c420a860921cd60cb5d2529256794"
"1676851200","4aa3cde5e5d83fc075ccf9da6c6124cf"
"1676851200","119bde97a29c1f21b5247e3e2a98fb5e"
"1676851200","b91904709f0a12839acfc8a028ef2580"
"1676851200","ed53e64913c6b07bc839f0470d763943"
"1676851200","70babb4c781c7317b28aa38ef3613b93"
"1676851200","42c2f2870b89920fec323ec9f147179c"
"1676851200","9d0f3c3f8099d3672c957fd5dd32c98a"
"1676851200","c022a5e252c97d1abc93ef8174c3cde0"
"1676851200","4938b606d18bed27275dc6760425305c"
"1676851200","34b88e02562a274b786f3e2a2caa4697"
"1676851200","536b7178fa6a20b98a502c6a0456451b"
"1676851200","a9844c22d577c7c6f84442284c6c892b"
"1676851200","a2cc200b6409f411bfa96f3a488b053c"
"1676851200","186ea0d60ceea1bd7f52d8d4c1a89352"
"1676851200","8ced0f2528e2e016bd599819d6f69963"
"1676851200","912772598521aa248d304866e55eb736"
"1676851200","1e6a9ca87c8115023db87dc8dd03a6a5"
"1676851200","9b9ed01e25eae11d441baeb24e703c9f"
"1676851200","71037e35ba9e05c8f32d782d478e4304"
"1676851200","57ee11ca6ec9632ade900dfe52820f2f"
"1676851200","461ade40b800ae80a40985594e1ac236"
"1676851200","16ede0b7a778a20226e438a855f4ab20"
"1676851200","ac2332b4156ea24d563b3fc1b7bd54fb"
"1676851200","05f2fd1bc0694fb1accd3be69cae00dc"
"1676851200","30d8c295eee16eab1a892cd8da487f0e"
"1676851200","adf18ad4666b7657bbc52c6c8e3c1c09"
"1676851200","ff1cee87f9a9e26a185f85e72d3d8f84"
"1676851200","908fe92040cbe2a07b4989d6a5cfe573"
"1676851200","b5b4f8984e2514d5e3097d3bbb456cc0"
"1676851200","1edb26e25c326398bf841cb61b8bfa91"
"1676851200","c4fcc2207cd77f049de1dc8ff2c7e9f5"
"1676851200","b97a8ad38117eb61eb3a7856de24473d"
"1676851200","baf21401cfbb02f101e2f03ce5355177"
"1676851200","7482a8c1e9e5c018208075cacbf50554"
"1676851200","4df48160ff3dbe707b349c62c5c9c1c2"
"1676851200","79334748eb7831a1a295bc378a87b7b1"
"1676851200","8a629ef30ed3001a58d12fe4ece55baf"
"1676851200","d0186d4559ed40299d9381bcdc6b195c"
"1676851200","894ebe041d7580e494ed9c158ab59e47"
"1676851200","4a20e1a41a119f4d5dd77d333db5a5e7"
"1676851200","7f4bc00791e9029072aafc486b249c7d"
"1676851200","08f46b69cf3619cca5e5933abf97186a"
"1676851200","bc4a3561312ba8ffd09bda2d15b0241d"
"1676851200","4743132bb6c0de63297f710d70831b07"
"1676851200","316a296f442110418a0b1eb8cdac477b"
"1676851200","6676f5851567e5b6ff2a6e41543ee8c9"
"1676851200","404aa81fc7d74443fd85e246e6805a29"
"1676851200","178f0a815fa73ed07659a96a0e67e3bd"
"1676851200","c155f42b05760607fe6afb6d9fad0510"
"1676851200","83245dba4a362d84ff73292baa9e61f0"
"1676851200","4b02835ba0212a808129e86a74bc9ddb"
"1676851200","408f9f203d089483eb165fec071f39c4"
"1676851200","294c9fc2f7319b839d31639ce2f16946"
"1676851200","9da09e98ce39b7ce9119e91692b873f7"
"1676851200","58da716e37af9fa381fda7f70e9ae39b"
"1676851200","254c9536a409ba7c556536864c292948"
"1676851200","cdf915d4f6d33b83b9960d1543a11d96"
"1676851200","6428b3f42ce01b4b2b4aa6837f76c5de"
"1676851200","8d3700a6bd7f83aad136993a3b9984ae"
"1676851200","b43830bee32daf10983121b05b3c35bf"
"1676851200","4546d201a520b28ca94e4d450179e83b"
"1676851200","b0dca41174b8ab5f3c2c55fdc076330f"
"1676851200","142e8b3bfd4ec11f9bb7c422e55d65c7"
"1676851200","d55c1c919d3729c2835aff345cb02c6e"
"1676851200","fcb7685676612c2e5d2e012d6cd833aa"
"1676851200","638486cd48245c3ff2152cd30cbdae16"
"1676851200","d6357b945ca02cb177931bfcfe5c19ba"
"1676851200","9be72e4e897f9c982810454562aed142"
"1676851200","cdf1e349af07b055a4c8d5ec7989bad5"
"1676851200","f74440893adf12392594a3606280ef9b"
"1676851200","30386d05291396ef374048e2785a55bd"
"1676851200","2f868a20d6b7168509ba0e6718fb9a50"
"1676851200","3ced18993584426cc1c51d22dab00c30"
"1676851200","ed66d633d8c5acde68c87207d0c018b7"
"1676851200","e50402b1f62ae39b0bd427db5060e071"
"1676851200","97a0954af93b0d43a80a788efb97fdac"
"1676851200","5186a0207749188742502128cc8b7f37"
"1676851200","db0fb6c68944e133bc465887606e7531"
"1676851200","2ecfe38f9064509fc7fb3b7ccbdc5ad2"
"1676851200","0017c7be1efabc8a251071a4079c0ffc"
"1676851200","fea37a3c4d8a437a08cb9fb9319d961b"
"1676851200","88c628512814b17078a64acec19343c3"
"1676851200","9877364c52f76487181d5da76adfd121"
"1676851200","d3e223a4008d5d0a461e9a51603918a2"
"1676851200","a9140a5c75744b1cc25c75831c58c532"
"1676851200","3e4641f5d705fb93305013fb605ba25f"
"1676851200","35dbe669dfd4d657e1bc59e531d3d70f"
"1676851200","43ad44f962146da266acb2c165d328d1"
"1676851200","0d1b2be1b00469724a34add4cda64042"
"1676851200","bc0aa0b94a418a827400274b8ab5c07a"
"1676851200","2becc07b23585ab41b10d45a1f7e0d8a"
"1676851200","c35053dcc3d0a4228df829f4a27e4976"
"1676851200","0e6c88d8a454e6125000bcf36dcdc517"
"1676851200","44c94c997d069d3df6437f3e1f82fdd8"
"1676851200","1a2d123699582e83292c094bfc2e5fab"
"1676851200","260e2245a4484984ff58e561672deaae"
"1676851200","8a1a9a1e7ba7c824495cf484a16c5462"
"1676851200","3ffc2ca17dbb83db92ec14cf947146b8"
"1676851200","9a8206fe88344ea2a5f0b81ab26fdc41"
"1676851200","c1388eab6f344a7c680168b05b12323a"
"1676851200","6af91b235681396ac6f4aec860f74465"
"1676851200","ea09ae5a53e9b4f038060986d539f399"
"1676851200","4bb612b733348d02217e768f99c3e118"
"1676851200","45c6863d14a77e494ebf06fcbe6c0082"
"1676851200","63481e6f4826d19424f5c2567e203cda"
"1676851200","7a67dcd649c77775449c4be09664d3cd"
"1676851200","35f3fc5fc37028a437a960520933fa03"
"1676851200","c18792af6e45c9c21f2006742cc207c1"
"1676851200","8cbad11f5002ce2ac201072b5fba6051"
"1676851200","f6e69189c655c8001173035aa43ce9ff"
"1676851200","30970e47618ff2f50f21dda8e855f20e"
"1676851200","25a1740ac6e1be3fddd7d968992f24c0"
"1676851200","8861c0b8cca49f5260dbe97a317d799c"
"1676851200","4b821b0ba16ba92ab3f031af3214f9b7"
"1676851200","20c0d96a62339b8d40592c4556d43732"
"1676851200","ab9e6e72f8cdb771d1c7239ee0f36657"
"1676851200","5781bb7704a8ff56c92820b8723b3da7"
"1676851200","2e3421d733fc084a59a4a75d8375d915"
"1676851200","feb34584dab15ee2b93405ed12747bed"
"1676851200","3df9f409b2357f3ec0222019c4c82024"
"1676851200","2809a0e24c50313a6e1f8f2653fc6367"
"1676851200","95a75d70528950299a9bb6f21c7337c3"
"1676851200","271bb48b2e8629eaa619dfbe244ae282"
"1676851200","02a35cd4d1d55c23bc27e5bed816a443"
"1676851200","f60e53f46d4ea64e0b6f9ab704c88271"
"1676851200","34d2812341c815ac32c407305580929b"
"1676851200","5fb19ffbe21817b34afd3e83bc18dbac"
"1676851200","f040f163824ecc1f4851ed9a5845b394"
"1676851200","aae6ee6dc14eeff97189380db4c61f9c"
"1676851200","e1cf24ade487290da946551ab1375a60"
"1676851200","90850ad672409e54a1f96d518e8d7bf6"
"1676851200","a73bcc8b053784198f1b5a680d98a769"
"1676851200","6346c6bb1ba45e5b1c026416a206e5dd"
"1676851200","b5a1c9ae4c2ae863ac3f6a019f556a22"
"1676851200","d97de36f41f6f87840d0fc111105c470"
"1676851200","94395629dd1f7d99e5460c32b6a06269"
"1676851200","6692830a668f2963235d8472f70abc49"
"1676851200","f629a3c052abb5719981d0e9204db409"
"1676851200","d291002145d0fe7dc6cc11e0d3f8908b"
"1676851200","71fa4b983e2b0aa308206afbdded1b69"
"1676851200","872fc12d970df4d0ac7d5fba1d10d485"
"1676851200","2a5389b5c299ccf0b7224780da8ec925"
"1676851200","745b9690179027f9d5eaf017b8bdc00d"
"1676851200","64b26850092e8a5a47a71e06ddb7130a"
"1676851200","894a9b91f0d1110009b2162628fb3d97"
"1676851200","2d0882963d1cb1e6e9a261b43fcf9755"
"1676851200","bfc90f5971fcf8ae350a33ae862cfbe7"
"1676851200","f139a2fe43f6ca2a27a35ae2df42e4f3"
"1676851200","7a3132885ab8c7df09ce2f4ac3bb8d1a"
"1676851200","9b84fdc20c4f2b0725d409c7a83996c9"
"1676851200","832489a8366083367f7f0c1633b7d608"
"1676851200","f3114dc8864b910de659c80c58b6a784"
"1676851200","dbf2703bb09b02257295c90d727cad79"
"1676851200","ec0d5c7547687e907cbde0f0b98b00f8"
"1676851200","86286252abcf1550850a0822a21f14d1"
"1676851200","84914ad79ade0003ed1f4588ff3df510"
"1676851200","ecfe854c9dece5b7919598c77c0b16ef"
"1676851200","4c3043aeec77091ed4ca3a6d1aba56f0"
"1676851200","2e4e90a5b9fd4c9245978933d8c0b590"
"1676851200","ad55edf1fd90e7d3f6eecdbcfcb0c75b"
"1676851200","ecbadc090ddaa97db0601cd3195ae43d"
"1676851200","fe81ee4eeec5476c6cf99901eb6c090a"
"1676851200","93fe50cf1c3b150938f81873a80a49d2"
"1676851200","cf60d71f78d3406cf4dbad37515213de"
"1676851200","d83c30cf4a019051e835d1e2ff62ed83"
"1676851200","7d87768d54d879040556ecfa3df6dd7a"
"1676851200","277517d13d1f3c90b0644b3222061a05"
"1676851200","e836c65b0d12656c8311a4decd8de571"
"1676851200","53a1875651b47e54ab318c9756ca1e53"
"1676851200","448327c19dbd4b7553a6e17f392faa03"
"1676851200","3b0016b8dfaa9174b161d6e176dec8dc"
"1676851200","f530883103009766083537a3bac26dfb"
"1676851200","05490b5911bef0432573fd9ef89f41c6"
"1676851200","8c25e347f5e2c2bca9b5258a68b72ae7"
"1676851200","c7f3f459a9085cea32484b783bd603e8"
"1676851200","eab5a6cc11491b2b455143b7254cc805"
"1676851200","b81feeae516909aa1b31a544e6bcd596"
"1676851200","1bf9b73c459e8a0703e006716dd8222d"
"1676851200","d31f2adb699c91039cadd65a1858c32e"
"1676851200","8d33047fa8048cf61b8c7069f37fa348"
"1676851200","67a3a34ecafc68afdf05f71657ee0009"
"1676851200","6a49f7ba6b9d7edf7c26aee06d59868b"
"1676851200","40256ea622aa1d0678f5bde48b9aa0fb"
"1676851200","24e5e0ecd7dbe3178fdcea7b9574e858"
"1676851200","690ac3f2cabc222fb6e62bfe553c986f"
"1676851200","d5c73e724c39bedafd9c0d3e36d8b914"
"1676851200","31b25df5635262590ec2c949e46c1235"
"1676851200","c2ab67a2561ac7f5add3256fe9bf85d4"
"1676851200","9953bcbd7b9131543d2250dcbe07a081"
"1676851200","6cdfc8de0cdecf1d7c6550a89f164dc9"
"1676851200","6c884aad0094e7f34ae379d694b54889"
"1676851200","fae8df0e28fb5507bd91a1c59e4b1d22"
"1676851200","7ee7b8c6a5e1d3ee1b606788bdf500a9"
"1676851200","13e4decd51aa1c9f7749388c8b5cb5e9"
"1676851200","1110bd14bf2401c4c96f142d0ed002cc"
"1676851200","875709441c6d3bd1aced7f381a9687a4"
"1676851200","7cf90b54d7bc86e596dc5ecc5feccbcb"
"1676851200","613814e5d37e4771ce8d3bedc63c7f22"
"1676851200","285e9f3d6c5f53b5af62b966bc4c237a"
"1676851200","cb2f2179f3a215c1f1a1f5988aa5bb48"
"1676851200","6828998804025aa1ad9225948667dab8"
"1676851200","b99d31a25354683043f95e1f88234fb5"
"1676851200","a0b51ef71f314415bae3cbb8b8061bd1"
"1676851200","0018e1e5202ce93e5612a1b54b6a6279"
"1676851200","4808609185b6dafa4109537764cced87"
"1676851200","7f3c59f57b52c68f2ee26ab8e0b26d03"
"1676851200","7f5c77993fb7435ca1e34e6891995e10"
"1676851200","70832ea61e7a8ceb07afb9b6d00e76b6"
"1676851200","720cfac0ffb5d37c49fe80e2b8833845"
"1676851200","22ab49ed354edc0cf008522a30c3e275"
"1676851200","e099fcb08765f5b63f9a69cd0a4c8517"
"1676851200","647def6226a6ac8afa3a00bf3b7e2637"
"1676851200","561d2237fbd52da162c1107adcafe222"
"1676851200","092c3ddd8514523aba4c42e80d6adb81"
"1676851200","11f0ffe9afada14333cf14b4c36d4173"
"1676851200","9824ae95e4342198b8ec8ab52de2cf1c"
"1676851200","c22a9d03d19b7d5e30e77d18c8e124b6"
"1676851200","014e08ab7078c1bf399f7ac77ca9d2e3"
"1676851200","af5829560a4f8834e281fc0d24d75742"
"1676851200","da21353c78a6a31de2630a483e2d50f3"
"1676851200","bdd0bb0f466d96b7f0daec17e3a3d071"
"1676851200","e86cbdc3bd0bc0c184922b3a3013d644"
"1676851200","702ff266ec1981bb6e316f74d4682b9c"
"1676851200","87b0a1552106500c01c00b4b07a48973"
"1676851200","c073290841b22591b5bdb97254934ced"
"1676851200","17ff710f15b3d978c9e85f2f0f13b956"
"1676851200","4f8924342c66d328ce9d1ed7d5f4de76"
"1676851200","e34508a7b15d2d432a23fd508d54e111"
"1676851200","676ceeb3f330a4b02c7be924258e1778"
"1676851200","632478a9176e39a4d514c95c1f58841c"
"1676851200","986f34a8bb612620a74c85f6a3a78a9e"
"1676851200","d271a31e79d41841a48e6d23419c747f"
"1676851200","c064ee3ebe18f36fdc96a451725e2d7b"
"1676851200","e9417c69cae2642f334d6666a4fce376"
"1676851200","08405a8ad438d2a973bd73674bad9c9c"
"1676851200","c72d4885326e6bffe30d8cf31f65da98"
"1676851200","14da3b59ec36717a57857b14b13294ff"
"1676851200","72e71c299ec99fb54745398efb232881"
"1676851200","b9c97838c41f1af7d4f851e068865676"
"1676851200","c4cf8a6a330013328754da5eabeb0b04"
"1676851200","d32cea2617adf6600753903213f1823c"
"1676851200","a4af2b7f3a74f054bb15ec549434f7f4"
"1676851200","88101c9a59741278879d3a4d59e96540"
"1676851200","0241c4ce81f166b2d150395c33de6bc0"
"1676851200","1f0364f083c3a8d1c471677389c64316"
"1676851200","784324f3ca8c6aaee99632bf7842b8a9"
"1676851200","b962821c7fd7d85ddcca7bbb4b4dea82"
"1676851200","bfc90f5971fcf8ae350a33ae862cfbe7"
"1676851200","c07eb9ca694d1dd904b89082c2fa5fd0"
"1676851200","23fd812bf38d87290326e1f4e5ed1b78"
"1676851200","b9efca057e11b1ed6c3e64b564b9c73f"
"1676851200","001f88d737a79da1d88bdcafb9c84132"
"1676851200","29fcb2cbfe39394d660524594c5bcc37"
"1676851200","b5f559267df738b23110c39a996287d6"
"1676851200","ad01d5cf4952997999a54b3827159c6b"
"1676851200","db0600a901398bf21c4aeb1b3eb17060"
"1676851200","79e9368d2f8ca57f25d27d274671dabe"
"1676851200","b94ff046f678a5e89d06007ea24c57ec"
"1676851200","2a81f36c30914acfa48573cac0a67b01"
"1676851200","50949ad2b39796411a4c7a88df0696c8"
"1676851200","6ab62256dd286888d9e23bc0e3350d62"
"1676851200","2cdd29ba4b85aa20b5361a8d4db44be6"
"1676851200","ccc1a889310bfcc7a23e81042b1d5998"
"1676851200","f2ee8845d112c2fa944687b2339ff5b0"
"1676851200","3a30d48a3a024646fcce9c8625f7d343"
"1676851200","7692a5dca7c3c48095aa6db0db640d4a"
"1676851200","4ed8b6a4e72967b470950f278778d1c9"
"1676851200","6ae419b71e5b2abe084ea11bd71c6bdf"
"1676851200","3912b5310ea3e4f246edec170ec0e557"
"1676851200","93e0218be8370574e670c6fa8e5de061"
"1676851200","38efff90925347feaede83c6bd6d3576"
"1676851200","adc1af285f55c4a8ec80f91ba4f816b6"
"1676851200","5322d36b63fd50e9a49ebf45f786c501"
"1676851200","7fa89c79060ed0f8dbd86f2d5e21f264"
"1676851200","a28c8eef1dde99e1c5eb5c165931a391"
"1676851200","c501e480794ac64dbc3324ea5ef2c6f4"
"1676851200","c94062b9a586d15cd884246aefb0a75b"
"1676851200","d51a177546d2219fe547d914dabbd6d9"
"1676851200","db530a93a91f90397722340da0b06b1d"
"1676851200","5afb011d9db047bb0400c5c5ca2e450b"
"1676851200","a009c9fe7e4c12271b746c69ef9c90a6"
"1676851200","bfea9c770d99f5d6d68d1691bed2c807"
"1676851200","6fcd8a0ca321ecb72134678c7b1bc410"
"1676851200","fa9372e93e781b1f304ba310dc385d06"
"1676851200","142d9ac7864b4b82008159878b1ab275"
"1676851200","577bb0cd3b9ab0a3b0cf2dffc86d7ff7"
"1676851200","be2f69078a0068d012b973175971a2ee"
"1676851200","904e2536b640a95d08f3513fd5b1f7fb"
"1676851200","545ff7bdc3c0f19f4014001a2f2f1d53"
"1676851200","f44a21ace1deb749148c604eb9a23fcc"
"1676851200","73d29440ec457438c35709f7c998f07b"
"1676851200","735638ea8c9ada5c92c5fe236ea4ede3"
"1676851200","97ed2f360bc774825bc139df81457e23"
"1676851200","22968e98a355112a0b64d8de82d7e9e4"
"1676851200","144a6ca78150c90e0ea3b91cbe122747"
"1676851200","ab994a79ef471f63bb304220470b13c4"
"1676851200","69aac0292e605441b2796468791f75b7"
"1676851200","b6982a75a686c2b9a1c6b1243588a9f0"
"1676851200","a19e539c27543304a796f23a992253d5"
"1676851200","00b68b5292895d00407d087220be5f1a"
"1676851200","fc8da931b4ba9d32765f58c0b6ea78ea"
"1676851200","7c9001b7aced9e756c61ca9a4fcde8b6"
"1676851200","df762a471ebe7e5269f9018104e791a2"
"1676851200","2675d0e1caa3e79a2d346805b5750196"
"1676851200","8f77e44710f96d7f16b11f7da70f2693"
"1676851200","a839c0a4278bc6f9e4529b3391709643"
"1676851200","fffb0efa9134252b47747ef410c11497"
"1676851200","cc1aae4ad7444d3edc12f3022785094b"
"1676851200","20783692f903b0c287c4274cc140741f"
"1676851200","5ece2ed75c1177f72012da65c060c59e"
"1676851200","aacef4e2151c264dc30963823bd3bb17"
"1676851200","adaca3b63be703005c63c19f59abc7ea"
"1676851200","91ba03ccc5a5c90e65c8ec1aa8ce30e2"
"1676851200","0c9657165f7bca3e7e0d8bb8255178c4"
"1676851200","c813d85f1e947b3b2b6707069ecae242"
"1676851200","944bc86a40f7039e1587b5040acc26a2"
"1676851200","f00d50f944e7023ee8fdc3642526406d"
"1676851200","bf6166675fce0f9cf45c1a56490da19b"
"1676851200","ddf40ed6f2eb6160a7bc9fd194eb2ccf"
"1676851200","57170bccdd6acfa64fbac17f04933c52"
"1676851200","4c7a1f4bc724d2d175fd519c9a83ac07"
"1676851200","924d225327d5f062e605ac84a6db8714"
"1676851200","0e8ef39e1d4794427d8a21cf139d14b8"
"1676851200","bb18f63350260e4d064f544d3a544114"
"1676851200","0fa8d4d5e3211a16a26f75b726336d93"
"1676851200","156d71fcc59a48e76039251ef0bec4c8"
"1676851200","6d693f592858d882701c68e8bf9d9c07"
"1676851200","30aea8a362f85c1ec99a701ab2362150"
"1676851200","edab838a9c2af487eada7b7934f486e7"
"1676851200","4377a500cc6201d91f21d1c514c0394c"
"1676851200","ea92d5e177fc4906d6973175ac2d2b9a"
"1676851200","f53cb4cdccb333d6415259d0ba7e8cf9"
"1676851200","757220827f617f540767f5a8d50204f2"
"1676851200","08f5a75ad8cd48c1fe88e637334fd4b1"
"1676851200","d88a56274ebb46e546db0f37a5390919"
"1676851200","8d52ca34e306c00b3368c8be1d6fbcb7"
"1676851200","b06b77941445e41914b80e518d504af8"
"1676851200","2bb02e76a0a6b1b3761a59885c6ec0b1"
"1676851200","b1531218b1fe2774e6b9e8d83c539977"
"1676851200","5b9824b2d7d6c4333af4c55b1d50f695"
"1676851200","a3d5aaac189021023694ea4f12237718"
"1676851200","4c5b15baab4d3c70cbfb4bf6fa168a26"
"1676851200","5e81de9df446fd7782893be8de3454fb"
"1676851200","6584a76091ca8d448340a3a8ddc4935d"
"1676851200","8869ffc5911bd3d81e4daab700d644d0"
"1676851200","b6b9282a133454d63f8f4206e28aba03"
"1676851200","7947a4b579ee96cee6da9718f78fe080"
"1676851200","a27c89e22ea238e1ec830c164734407a"
"1676851200","d4b7725dc5903fcce0dfd2be73776fe8"
"1676851200","268c590fc2aab8e491405e79a288f869"
"1676851200","f725ee1958b703ad322fc0debf5a0414"
"1676851200","150ba458801a2d18480af100a61cdccc"
"1676851200","22429133bf96c5c6d33fef15d4327f5a"
"1676851200","377f617ccd4aa09287d5221d5d8e1228"
"1676851200","97e99452a2604c88ef48cd5afe66d344"
"1676851200","7b1da482ed94e6260d2574998192d840"
"1676851200","18019c025f011fc152801e57f4bd927d"
"1676851200","def72b4e6612163dbfcedda6d941695e"
"1676851200","1b609bd3b9d40843931524bd29f51291"
"1676851200","cb5ad9d6fcec7b7a3fe94e177e747143"
"1676851200","dfd5d921be5b12736e7a03d0bd740eaa"
"1676851200","7315a0d7dce490b2968fa1b1a8598388"
"1676851200","176068e583475bebd95a4e50cad3b65e"
"1676851200","c7a102f9cdd5bd306711947e77530fac"
"1676851200","f5a0c315b535c5a65bbbad8352592221"
"1676851200","9e306b0be2aa2174d77802067d3bdab3"
"1676851200","1602904e4f2f3c12147b5d3fc0b9f877"
"1676851200","7419aacd59722b25850227f562a4e16f"
"1676851200","86f13175fc8011acabf0740eebb9bdf8"
"1676851200","e15e0e84721103abeeec2f2e924a16f4"
"1676851200","ff616d5a517f4025bccd8f69d58706d4"
"1676851200","a32b6fd23132025893df0c54821c325a"
"1676851200","d3e3a54c202213e1c4990d40a2822157"
"1676851200","9cfd3b0433631214e872556e89813180"
"1676851200","0f383a69481a4861bba329565f912e1f"
"1676851200","ff4226ec2344bcdd0d4cc09c5a7b7385"
"1676851200","6606a95c5030479bd9f57416f5c6dd1e"
"1676851200","341900f4c3256707bfdf87cfeb8d82f3"
"1676851200","35b874c145bf1ae4ac5658e1d5296b09"
"1676851200","128e4ab51a5fac2d0dbec5f99ab2ecf2"
"1676851200","a8576494e6945fa2549edbfb22dd0828"
"1676851200","ab2b6eee54afb98aa369555876da8643"
"1676851200","00fd0b461b7c63d33cfd87e40368e26d"
"1676851200","44c94c997d069d3df6437f3e1f82fdd8"
"1676851200","591d27cba331998bd10c439eb9b9bff6"
"1676851200","3ec088d6b343800c61248807e5e439dd"
"1676851200","166c51bb7d00e832647e4b29d2b8f137"
"1676851200","b164b0e812e24e3a8faa4d69a8fe5104"
"1676851200","32196e37264fac59e318da945d574064"
"1676851200","37c6438f822420c4beaba6d5115401a4"
"1676851200","f91f99279ac493862857b11f495f04e6"
"1676851200","e10f4e49a7dfd20d3dbf5799ea2ad876"
"1676851200","160eb1d8a5123bddc9b74853d457c2e3"
"1676851200","3e8cb228a6ce17c86f03d5b28198b310"
"1676851200","b72ef6e62d63346ad76d84414b65b26d"
"1676851200","374e8ca945e798e7756dd39654a306dc"
"1676851200","e00e5f87ade811ca844338387192515f"
"1676851200","bb594f500ab70552116d423f85bb138e"
"1676851200","9f39ba6b2769dc16ba8a1e04e8e51a04"
"1676851200","cf25f25e2ed8c690d76b1c5329fcbb44"
"1676851200","c3c0999b81e0c2043c8637c23173dd12"
"1676851200","b0603afd38cf4ef170b18293740c85b6"
"1676851200","fa568cee3f53e144f29f514012c9bac8"
"1676851200","ba9a2334567d7cfa62b09e3ae1b975c1"
"1676851200","37bb2d03feef8a30962b7faa0fedbcab"
"1676851200","cb21fc4ceb48f900f8ffec503c5d6710"
"1676851200","5e5ca84df97f823bbe63d2b93441def0"
"1676851200","c71b801c023632e255f1292de6304ab1"
"1676851200","ed53e64913c6b07bc839f0470d763943"
"1676851200","ba884beba0912a800994b2755c63d227"
"1676851200","42f1d6239b1b91af183b5a3561fe725d"
"1676851200","9c68d0bcd31e7f6572eff30ef61a0049"
"1676851200","72a6aa16947a6b0a491cba700e6b47d5"
"1676851200","137ff57edea11ba30b2f830b796f22dd"
"1676851200","709e6c42de4430f601088765e6cfbb3c"
"1676851200","8f1c0452b3bc914aa4e8589fce30efe6"
"1676851200","3c9d96268b12420a2e022e8827968e85"
"1676851200","ca7694942da19111089a869609a7421e"
"1676851200","1693d0a858b8ff3b83852c185880e459"
"1676851200","29bb505d521470be3b103f07d660f5da"
"1676851200","3f7fbd2eb34892646e93fd5e6e343512"
"1676851200","d3e650f0f23e54a6505072d5d000e67c"
"1676851200","3816f7062518e9827be6ee8c0ec265bd"
"1676851200","e6b63377bb28430cb57f24bc4d7d06ac"
"1676851200","97e2e4dc20af702ab27e377579759861"
"1676851200","723da0a004e4ac7783ddcbb2ed40a739"
"1676851200","fab43f7f43d8b23078ad62c6c9e99017"
"1676851200","64f5c9e0c8a60ebf9955d5fe85479bd1"
"1676851200","6d3c32d68652ca1960ed6960f4d035df"
"1676851200","b22367729df121ea6a0116f27c6adcf1"
"1676851200","52ba9890b2da1b2d8cb2b5a2bb0c65e6"
"1676851200","5450157ded399912b02d03aaf03053c2"
"1676851200","db0600a901398bf21c4aeb1b3eb17060"
"1676851200","b889ba28933af645637ca6036ad1ccc2"
"1676851200","e3f1382a93898aca55e28ec6e229f474"
"1676851200","498f506ea29fd18232fca8c4b3c1bf89"
"1676851200","d50a99b0b9226d11f235b5faf96b83b0"
"1676851200","d44fe6124b8df1c61d869806b9f8a048"
"1676851200","f1968d00ee17060fad3a84c625d39372"
"1676851200","bab9a2e1acb0241d2848d2d4e355c86a"
"1676851200","a399f42179c38100cc3793d1a808c84e"
"1676851200","cb9d5ffe9f1a0be4e282f3af0dfc852e"
"1676851200","109e26bea83e7cd897d296c803502722"
"1676851200","18f1a55522ba4ef5c4537b15f46f0595"
"1676851200","df15743ca5634800426e11375a9bbf09"
"1676851200","486e1b790e526abc93b5c4af58151d00"
"1676851200","67d4a20e5a1da8df2af1f2f5da4dd15b"
"1676851200","82d96b88479ceeb946d62e6573871988"
"1676851200","905e2bae9490a1560cd268ce97fdefbc"
"1676851200","e5aa99b77dcb630a4ff9293358e656cc"
"1676851200","715163e9ffc7fc45b167d6b4928e0e5c"
"1676851200","08206478008c4b80e773c58dfc58689e"
"1676851200","bf95195158c35f86e02b79e36ad26a20"
"1676851200","0d3b7328317c4573b6e54cb070d34118"
"1676851200","342273b151ed5f5122fec41ea2410729"
"1676851200","f91f99279ac493862857b11f495f04e6"
"1676851200","aacf584ceedca1321c91b370b685b878"
"1676851200","fd1ec13bebe2648351ed8c746d2737d7"
"1676851200","a4361aef9dcaa7d0267d7e39c90355b3"
"1676851200","9bcc0992d8662145c307fda43e161d7d"
"1676851200","de67928daa4cf6f8774c6e9a682c2f79"
"1676851200","1c5de8e61baedc1c755343411fea6fff"
"1676851200","598ce1c336a15d4e63cf5f12e9f670ef"
"1676851200","c7185905897b32e3daafec69b94a648e"
"1676851200","4906b8a6340f2a3e559ee10fc6c0bebf"
"1676851200","74e866ed943e34089f77b836f9ee66d6"
"1676851200","de1a52881e722035c4b059cc7e4176ba"
"1676851200","86035b19cde241a4f7211c22c7eb4f23"
"1676851200","20020a9d850bd496954d8c21dfa614be"
"1676851200","f29088aaa88a52c5a6e80a9a43f34f72"
"1676851200","ede617d8d6154fe4d8275e465054f555"
"1676851200","b20370c5a3747db5cdf27c1ff2e4b3b7"
"1676851200","6fe47e199622827666cd167e4132a5a4"
"1676851200","169b6b04c90259c776af401769b6c2e2"
"1676851200","445eadf011a9a5a845675a09cae4627c"
"1676851200","8619fbf4c3d26d4db5c4d0fd091ea339"
"1676851200","e891e24e27b1c51ec9c3c84267ab997e"
"1676851200","2273019252a4f47216a790e0667a00de"
"1676851200","750b020033dbd1e02dbb50fece70de1c"
"1676851200","5831ef459b47952e4985667c56a99cfa"
"1676851200","91ae58b04a2a4ac19f8ffa8f188af8ec"
"1676851200","39fd888c1497bde768c2aeada45a0c3a"
"1676851200","9c2d18cd242bdd7e2dbc9620bb80bf8a"
"1676851200","c343b0f07ff816544a083ece56688a72"
"1676851200","c0b1c3fbb46a37c556fad5d2ee13bf38"
"1676851200","a264592f271ae5ec5618fc7ba4af4a67"
"1676851200","1c4fb7c41e7928bfb74784d910522771"
"1676851200","c9ba414fcf897c1c52eb57c5bded7a51"
"1676851200","f91f99279ac493862857b11f495f04e6"
"1676851200","93a8e36cd5a3f6c452d8ba3d401706bc"
"1676851200","8e36f6af2458b3c44ec0c64754af5d11"
"1676851200","8a3e00454edbc2e45bdc1068c010bcf8"
"1676851200","7b39d694ab38f0834a2b22d021124458"
"1676851200","9610344c8795c1061705606243b98e7f"
"1676851200","aed2384dd391f103d7613f84b6acf58a"
"1676851200","a17a42eafeaea062a3e70f67303d2cf7"
"1676851200","9463fcab2deb9433199c9d43bcef0bfe"
"1676851200","5a8949bd5d45239426218446d074f10d"
"1676851200","43bc668c1dcf962941d09f6bd22325e8"
"1676851200","c9661e29ec11cda189509c74a934c54b"
"1676851200","6a01068757b4bc6629055f692aa234a5"
"1676851200","27acc049e8bd6cdada78b4046c50aa75"
"1676851200","b81fb8c3f3df678dec671cf71d6e232a"
"1676851200","bb9a51cde8232401b77116314331da1b"
"1676851200","a9d815aec8165d50a9f5e78cdb7fea89"
"1676851200","c6d6879b53074e70c6a750d191a83e50"
"1676851200","311a0d3944f0e906c2ec7ea44df5bc83"
"1676851200","de7ce9b41eaaf6a8f074fd39d05c756a"
"1676851200","3aa80e1a543ec14f7f02364f11283919"
"1676851200","af6b000cca334405709a7a45f07b1788"
"1676851200","7d128f1187a3e3372450d75ec5744600"
"1676851200","a7225b0ee1b1adb1ceb9fd9ae6d512b3"
"1676851200","ad57f8d327f2d70074c66ecdcd404ade"
"1676851200","7f97b34a113170d02ff8008c2bbc7745"
"1676851200","ce2d20ed3304248f332f21a4b5b3a285"
"1676851200","90a5cb1158c8d04737a26e0915151ce7"
"1676851200","3bc3306cde4d1d7ecd4f21a7f35b8782"
"1676851200","4d84ac576bbc559810cc6795d1fe349e"
"1676851200","457ca279823e7d6f1d631e1152f2a1f6"
"1676851200","670ee8480f0fa35324126991b20a552d"
"1676851200","4ae77981a610e6bbd7e5d05a595fa334"
"1676851200","b48c2460c6e0c5e3dd906eca859474d7"
"1676851200","199c4460d5b622e4ec6626e0c1cee13e"
"1676851200","092a44f23fa9766efa30450a5009911d"
"1676851200","c9b891ce1ab3af049a9a62077d1d179d"
"1676851200","759d318a050b6c76fde3263640604559"
"1676851200","a8b2178b68579dbe230cae4b99ebcb83"
"1676851200","67f759fa75d3286c7490440a6a6e2d16"
"1676851200","38e0d026ce1edf5dae72c45aa06171e4"
"1676851200","e10780ed29a4c57f401e27a4b66be2dc"
"1676851200","86fd488d1f2958bff077b71389a6ab2b"
"1676851200","b113f4efe56b961aeaf6030add4c8b49"
"1676851200","a783427ab38faf1c09d1e9d291d75e69"
"1676851200","e05427b2d5926de0d5183c7fbf32ca99"
"1676851200","0cbecd1d8ac8eada058feb0e49a95c00"
"1676851200","cb8e7e8ec22695e2a6336db9fdc1bdbc"
"1676851200","e690e99d98b7a97400c8981b377bb660"
"1676851200","e891e24e27b1c51ec9c3c84267ab997e"
"1676851200","44c94c997d069d3df6437f3e1f82fdd8"
"1676851200","a0f9c19123a07115705e8a22b43ea240"
"1676851200","47ffe643f964f9d00ffbe3b3ed56be1e"
"1676851200","0204eb85c1b0d7572f67e177a34b80b9"
"1676851200","14ae3ece2d25597fb797588aae053ba4"
"1676851200","4e65a3be537c516438e38e4b631febaf"
"1676851200","ae49674a0b045ca509364b10d27ca8f0"
"1676851200","a1d918bec3a76517761d408a1029208e"
"1676851200","38b70326c8ecf69c8c2b503a75a6d7df"
"1676851200","c9e170bf0e5fcc02c2af2f9a8ebe6077"
"1676851200","ad463aa7f10e056a8ea0cc6e9aa3c3bb"
"1676851200","9eb2a754fe268d3b85c13bb9867cfdd4"
"1676851200","fdcb567d91b5032d4bd6eca32615b376"
"1676851200","d6cf93b031f2e3b8758c41f5ce665a1f"
"1676851200","4bcd0baaafd97da6b0c0521f5fe0f7cf"
"1676851200","cd97d1d90ef161062e052ba8c1a7baa9"
"1676851200","38be5b0bdf6c00bfb54c7e97be32ea69"
"1676851200","a96f9f08b17b83e911a9cf83cb0d05bb"
"1676851200","66d5c40bcd987e8e0fb6e1c425a53448"
"1676851200","0980832597ae2b5e8c6f807a22230a28"
"1676851200","8bdd2cdd39b2ad7b679faa50f629ce2b"
"1676851200","35dd8c929b34a48cdab34c3522120425"
"1676851200","c16a9139c94a2456e22b6627472e586f"
"1676851200","f594d8cd6777bc2ebff48c014acdd213"
"1676851200","6ae419b71e5b2abe084ea11bd71c6bdf"
"1676851200","7077d4e803fbc23e221fb0e381a3ebdf"
"1676851200","346f04d7a4b3475238b6cb5987e1101a"
"1676851200","306dcb6d6564376152d19ce13eb9bcc9"
"1676851200","d7ce6eb241c8d1ceb14b3d112c8f4a78"
"1676851200","c57229634428e95f8a03fd7bce117716"
"1676851200","ca76abd17be750463bc9f0696b51dc84"
"1676851200","513db6b0e0b45435700264180952abc9"
"1676851200","632808633cc4fd6b5071fa2be3e094f4"
"1676851200","b260774d78c336deb0f5f324f659de95"
"1676851200","e1f69ab83d44192f9fb9c440e064d093"
"1676851200","25f85c69d6b5a454ba28b108f3919031"
"1676851200","e2a958543a3900c20effc35ae2bf5456"
"1676851200","8a92d5d1b98c45b1ef43960577618b0c"
"1676851200","99f9726b22aa74c9554718cdf88ee9b5"
"1676851200","44b628f843f7fc7d6fffd7c3fb8d0c0f"
"1676851200","aa784a67ffc1720bab30bb63d7f751c6"
"1676851200","7eae30f03c462c60385c44ca98b19664"
"1676851200","3aa9a2f85039e384ab01f3eb646e365f"
"1676851200","310841bf12c2ab09a4089306af25b07c"
"1676851200","56dc85af8919b9ba5623621baf6a4ec8"
"1676851200","c43e23ff029de600635edb9c887525c9"
"1676851200","27f8efe725fb96c0aeb174a4bcaaa254"
"1676851200","965cdcf641dd4c7ce60b473c8cdb4563"
"1676851200","a3d5aaac189021023694ea4f12237718"
"1676851200","1110bd14bf2401c4c96f142d0ed002cc"
"1676851200","74b89bd5c59366668e9f197aa2bcaf0e"
"1676851200","77a16e8827320ea4d24011e7ab635ee7"
"1676851200","b91d35245be1593c0120404dcdee8afb"
"1676851200","12be7f6ce67571ad166aede6d8ac9de0"
"1676851200","93be2d0fc62fd10f3be62eed89ce4f99"
"1676851200","1a1b981364817cdec0ee6f994e80b4cb"
"1676851200","320d10265938e03d6cd0cc630f807f44"
"1676851200","79ae1f5d23b3e2e973d9d49e1b549c68"
"1676851200","6877eda43e95a070c2d797bc60d0a1ee"
"1676851200","f75966dcacd6b3935623c3b3db8d4280"
"1676851200","2772ad98ea4b884cfe063422a8013bff"
"1676851200","3cc54a5668d2262c15836cd682906630"
"1676851200","f4996c89642e979e11d482f905d894e4"
"1676851200","4222391b2cc33b85ef90c1beb0ed9a51"
"1676851200","202aac25d0a4dd92c53f5ac473de3d6c"
"1676851200","fe65019c37755acbfacb78ae88055e4d"
"1676851200","a24a806faac8d7445f715fd0f45805a0"
"1676851200","a6b1c5a5bcaea9f60ba24205b2e1744b"
"1676851200","d8ae83f123c192db033be26e3a81ebf2"
"1676851200","7b1e309f7e1ce2eab70ab5d7cae6087c"
"1676851200","fb5f5fb83b41b36f005a418ec97d2d21"
"1676851200","0687932b15977ff844c8217447b2f30d"
"1676851200","026c6e0c6cb1fd77266d71c67d027bdc"
"1676851200","bb127db1d5043272a413f58dec1dbcd1"
"1676851200","1d9446da815ef600087fa302f01a9558"
"1676851200","a7e164a2c533ed6fda90039711591b8e"
"1676851200","f16da5cec6ee0db7e53bea096e1d77f4"
"1676851200","d492be5b50f1717648f22eab08d03d77"
"1676851200","5d46b141bae5d51eb0ef73ee13d8a43d"
"1676851200","512ca7b9cf2d167c35702a1ba1c3c659"
"1676851200","4ff316be1d578a2a74e4f341c5e94ba4"
"1676851200","d525fd0a2d9bfc5bd6a9071ce0f75e79"
"1676851200","e1d068fda32e6dd44b147604aaf86ff9"
"1676851200","8424ce11dacf82e3c6aab5a3b73ada31"
"1676851200","d41eae83c720e3425db84984f6cd9a92"
"1676851200","1df771bfa5e8bf7b9f7ec6b42ceb6d97"
"1676851200","cd97d1d90ef161062e052ba8c1a7baa9"
"1676851200","1ca9bffa3c12132b92922de43b6e4dc9"
"1676851200","a15a1af0110e91871e82a2c894f4c84e"
"1676851200","02835bb802bdeb274c19dca4d1908aa0"
"1676851200","0b21cfc4f777d63a61d968ae21d9c190"
"1676851200","6bcdc92642af8083aa38190e8d71b1b0"
"1676851200","28146eef8655b10a8ae8fc04857d2127"
"1676851200","2288678294c0b3ed1d536fa686c1a101"
"1676851200","f71147ac3c9fc6d0144243fdf14ec138"
"1676851200","08216f86916ad3fa1c67e8a0e106c34c"
"1676851200","def72b4e6612163dbfcedda6d941695e"
"1676851200","098144c7ee380141cbae7ff0c4d07d36"
"1676851200","54a5daebed4cbc61b7d12122c9ad2464"
"1676851200","0380a43dfc0b4a8bc851e4ce234bc6d6"
"1676851200","fc7b87c7016f8422c74925cbac2750ab"
"1676851200","379bff6a04fb71d37e1ad616e5d88aca"
"1676851200","49dde0d59f469a790a2477140a625847"
"1676851200","c3313eaed340233391898c9755d06252"
"1676851200","d8860b51ef77013e6627a607ddf8c28c"
"1676851200","3c20a735ee58e7b135faf380bee3c413"
"1676851200","fb8d6540f6db338ade48c46b8160ba39"
"1676851200","a6e05d03ede6915a051e0031038bd751"
"1676851200","1d6667e8094339de3a4be8df9703d2df"
"1676851200","e01dbf2f05c8abae26de2bd6f784868b"
"1676851200","2d99c0b4c82045f167e8f7b915d2cea3"
"1676851200","89aeadef6650edd4ddf84dff6644202e"
"1676851200","f4240199bafb1293314156100c823fa9"
"1676851200","09569eb3d80c994d53ed1433d1d85c5c"
"1676851200","dcbe1dec97959e20853fd760b6900c01"
"1676851200","220db985a304c2b0c01ae387c9fe50e3"
"1676851200","9c26cdc7cd956ad9f9e39fddb0b0ff87"
"1676851200","de71409539c4347fc40fa7e3d8ca94aa"
"1676851200","25bb02f42ad4335ab854a6907a759bef"
"1676851200","6e8e47776c0a3ba853e66fe2b841298f"
"1676851200","92d810904e634d2d33cdff59d0c59660"
"1676851200","151062ad5d44447f0515f66804c4e538"
"1676851200","357eceab207e6eeba2a627995f04c413"
"1676851200","74e866ed943e34089f77b836f9ee66d6"
"1676851200","421bc78a34c27f98af3453f0a3a46c2b"
"1676851200","f4ff73ea0d42d137b7fddb8afd72b245"
"1676851200","3f0e36d49faf55291c259bcb76325eda"
"1676851200","6d0e86c0eccb367e28db56ddd506bd66"
"1676851200","6e75b813122547ac982d57f926ddaba6"
"1676851200","31e2e5843f2e944196d2b45626e65db5"
"1676851200","32c5b4360e5e27be1239cd5aca23cb77"
"1676851200","01f22e5895f37da0b40162918a0a55ba"
"1676851200","1fadfc647d2b17bcc28267143c2f4fec"
"1676851200","88fffed198ba8bf2d5d72ddf20c27a20"
"1676851200","2fc9f87b593313733e02e8ce0578beb7"
"1676851200","9356ef793a928ea6012993488c7fcdcc"
"1676851200","9d42edea683196250335057e570a0fb7"
"1676851200","cdd7984807fcd4ca70602bb21f0338b6"
"1676851200","c83d089ec80575de3ebf1b978044f587"
"1676851200","69df9998a42524225a5b25d2e8a5bd79"
"1676851200","b29854981f7c896a5f955764488561bc"
"1676851200","ca512eba732d2c96e73340c97d332e40"
"1676851200","a1f82780353f543a7ac3f9fa6190a49a"
"1676851200","3b748bb5333de4de1fa8fa2b40953283"
"1676851200","eb9d21375344239c90eaf8644568b487"
"1676851200","3b22d211b706cf2d17f61d7dfe80a936"
"1676851200","7be9a2421be17f41ca13667d017aa247"
"1676851200","c9b1edda066568e48d9a42e8e18fd640"
"1676851200","8021460702777318a468e62cb10be252"
"1676851200","5c06518572cc6d5f3d5d09e96f3f0349"
"1676851200","88a84ebee609b5aa0fdf86447e6df224"
"1676851200","24df8f433d5a1e7b6200d191f3c6c890"
"1676851200","12785508f2181575189b99696bbbfb79"
"1676851200","fe5da8f60335e66e4479c111fa8464fe"
"1676851200","478e1c903cfcda85acdb9759ae80e155"
"1676851200","9878dddc851179ce9604d0633e176703"
"1676851200","6f4d2c790ef0a0c2b8f91ddedbb27cb7"
"1676851200","5351826d119d5105299f89b3500ff7ec"
"1676851200","237f7e408c2d9f17e831536915c9aa32"
"1676851200","69a222aa82b09d654679d5404351b351"
"1676851200","0580b6a928e1f7daf62a58fb6c2f2f88"
"1676851200","c7c1b4c003e01f7a2007a2b6d6ce20d7"
"1676851200","e5494dae2c313457f20d6de8614281df"
"1676851200","a501330b26d0df982b783e8ffbc6e66f"
"1676851200","ce8d75a492249b0aff8b6f54e618bc5b"
"1676851200","bfcb1f2ab29a05f03794e96c531119c3"
"1676851200","650a6bcb9ee0b43ab4045c617a652b83"
"1676851200","70e4732cdcd6df53a0c4058e86d3b370"
"1676851200","a22fc31380accdcb7aaf6abf956cecfe"
"1676851200","4e74baa9619ecd36f7014313145b1a7f"
"1676851200","8d0505c74ffabbdc3b31bd29618ed478"
"1676851200","8b22e7caca78cc0c0bca5aac5519d7e1"
"1676851200","0bc7e3483716c5f194360b1efdc1347f"
"1676851200","3b84e7701c3d3c36aa418c2afb30e645"
"1676851200","84713f9d07db337e2b07a2dd713f4d35"
"1676851200","22a9265676ffebc71d888f0c57af9fd1"
"1676851200","ba69c1500983f23bb6da35d22e568a1a"
"1676851200","e409093967789ee8bf39ffa2aa6f7a03"
"1676851200","3e741ffc09fb34a2e5fa3246e8cc1ca1"
"1676851200","9e5a91a937f2283f3a0af0ceac86b739"
"1676851200","5e0a3d221c9d4e2cca476e64a8925bc7"
"1676851200","496fc1d5c852204d6649f904bbcab3bc"
"1676851200","694bab93dc382de1700468bf9e59beec"
"1676851200","29dadd44e63231f5d151665c20de09b8"
"1676851200","be46fbf1513f8403e1d4a06b39c543f9"
"1676851200","c2a60ce057341500f931c3b1456f6a23"
"1676851200","a36745d401626424d49e622bde9452d0"
"1676851200","c39dd1da695e42ef0d1c9f56d66fbef4"
"1676851200","615bdf0e88619faf23aa7fd13c93fc58"
"1676851200","ac2eb99f2109000adb2156f6a5fb8d55"
"1676851200","b3910c5f4f493b16e161b1ba39a77419"
"1676851200","7ff84f4a54a5f16ca22bf87a92aac782"
"1676851200","80701232c3d383d2dc2b7ccb801c1271"
"1676851200","27e09232f0f386e83200d4dc0acc5be0"
"1676851200","1c7d5267ed8715ae91afc7b60134e3cc"
"1676851200","918f756f586dd0e5d32fc54f5091c6f5"
"1676851200","e6c438a51fb95150bc737ef04e2a82f7"
"1676851200","a4b7dddb0fcd669d6e46e0f2bc58c1d0"
"1676851200","5849dc10a9c087d203fb9eaaee62cdca"
"1676851200","1da0c7a7e2b22cb01aab853c6054398a"
"1676851200","96f53429c08c9bb1467435d359b42b6f"
"1676851200","137ff57edea11ba30b2f830b796f22dd"
"1676851200","2b3bd67aab79c625380fbe26cf6d7e8f"
"1676851200","b92021ca10aed3046fc3be5ac1c2a094"
"1676851200","6e78272cc20e3d55238ff5d20e2ca833"
"1676851200","4da935792d34cbf77f5a2519ba1bfd4e"
"1676851200","bfc90f5971fcf8ae350a33ae862cfbe7"
"1676851200","7a06ed80c78e481b973cd027143736c2"
"1676851200","3b42e496fdcb440e85047f0424fbe7ef"
"1676851200","94f684ee271db8857019f25061aea30a"
"1676851200","be9aa9a0bc16552fa651a9d792b334f5"
"1676851200","bedc8b3d22383264c92815cb57ff28c3"
"1676851200","5d5d82b4ab9cec9059410f5e35c9cef3"
"1676851200","39818d3ee02e8d8d3a7b2320fa4ed916"
"1676851200","423ae855c752e9410e7857770235ddb8"
"1676851200","ca26397179bcc7e51b1afa6980d98fa1"
"1676851200","9de84f93c5fa708713d52e873f991fdb"
"1676851200","ce671b783b487ae0eb7dfa59e3dd70ff"
"1676851200","0ef751676c96dfa955f21b90b93e1e54"
"1676851200","99006cc5c1bf15dcf1ac9610a829ba2c"
"1676851200","88d5ff9344e4d5bc520fe457b15b5729"
"1676851200","5b951e28ab084ff83e918df1c4dbf0f0"
"1676851200","b5b91451f56b9015bd0294604d731b95"
"1676851200","7bf8f18eebe6c3faecb9b98962540208"
"1676851200","8fa2b6f200d66342017efac980609e1a"
"1676851200","fba2bbcf3a42eab38f02f4641d524016"
"1676851200","0d1b1c61a083b253810ede683435e6bc"
"1676851200","6ba32f481c927eca04fa9541cbe569e0"
"1676851200","351e372f64312268f6c6284cd8ca55a8"
"1676851200","718347e5fcc79710172b0e646680ec79"
"1676851200","03a9591468dc710d83f40441441b823f"
"1676851200","4dc2d57d9db430235b21d7fb735adf36"
"1676851200","986518816011cb102472c36b50744ab0"
"1676851200","dbe79a92788d341536903e47aa733cab"
"1676851200","47440edf9c6cabfb7d62be76a4d7918e"
"1676851200","ddd6b51cc5ee453341957e5f06671fd7"
"1676851200","dc9060599214d417e88be2a3d26f3c39"
"1676851200","0d049f764a22e16933f8c3f1704d4e50"
"1676851200","990533ec65c53ef6806a1cb657ef0307"
"1676851200","bb324750f068db86e6bd339984db33b2"
"1676851200","4c9908656905016acaf1ba84d0b38ba6"
"1676851200","08bc61aa9c5c9dfb546c9322f33e84c2"
"1676851200","c6cfb0e349cc030e07d1b7f3b71f58a4"
"1676851200","11d5bf1fa91307ec62c45cbc266200e1"
"1676851200","6fd91021d789f7b1d2857fdce04bda19"
"1676851200","9ab0996561df316ed00a2d7c9edccc65"
"1676851200","e351688cc8d8aa05faf7336ea3c9b6a4"
"1676851200","cccac0497b85d9c965cefd093418e450"
"1676851200","92cebcb0dc7df99597944486cf9e5fe5"
"1676851200","0816d9005645d656c7742abb3b0eccf1"
"1676851200","512fa171043ef6100dedfc43cbcccf59"
"1676851200","2fc09f6799bcc5eddcb96ad4fc515355"
"1676851200","0a9cca1e6d4b3fa83d2a53265b2b9ddf"
"1676851200","6a3f7d655a09266272aa57b6dd1d5025"
"1676851200","64a96c6b284a5c14adaa26908696d59e"
"1676851200","852d61b49aafa6159736f0d4896902f0"
"1676851200","8ab142e8aa6ce59e1041578175d3923d"
"1676851200","5d44e41ea56003d080fceabf7724073e"
"1676851200","2f1780b860b2580a8bcb0e9072108a97"
"1676851200","82373688b5dabc98904dddb035897ca2"
"1676851200","5c3f86b25352636a923aae1f301f76f2"
"1676851200","cba429de57b266a7385b1aee2f6d12b2"
"1676851200","53cce9553e28bf7c90478d1bd097a1cd"
"1676851200","fdb89b0c84adfd872a8cc5d21338f2f6"
"1676851200","da926d74f6e0a4d37067224adb13fa52"
"1676851200","67588092af51791aa8e60bac6c58d649"
"1676851200","9372544b4c7b0ef41a3de1f67e0f0d12"
"1676851200","c144480e75f064bef822d5fd7cbee87c"
"1676851200","d298b7f4ab377d022c0e979c26b02efe"
"1676851200","67acba864d4217a906709ced52105a0a"
"1676851200","41ea58d47e6597ffae852450c1254068"
"1676851200","0ef00c44aaaf095cf47fb74b50a0b9ca"
"1676851200","aa7fb6cd05270f5bb482093da8797838"
"1676851200","e082a459f661f8b9505c69cbed92cced"
"1676851200","dd9a6db6a6aa4056a014367ebb97b3ae"
"1676851200","1a68dc5e1ff252937df69f99c86d0f7c"
"1676851200","7ab58d915edd9ea17e19e05ba075bf56"
"1676851200","0025454452b8eb83ebfcf23f47dece13"
"1676851200","6bb7350c6e9ea34e9df63f0e93c41874"
"1676851200","2073cc1feeb8e82d3ed2b5af0671bcad"
"1676851200","e36469a9793737889795649f02ecce0a"
"1676851200","6eed7dc5df69338bfc743ac4dc8b7444"
"1676851200","2a6851974cff57bee62a83c52ce68863"
"1676851200","0de9daa98b79154fe33df9c4c4289bb0"
"1676851200","8c2c09dc31dc65ba060a203a8c632ec0"
"1676851200","8b4fdd06d4df056f8ff1e74e202fa7e4"
"1676851200","eae6ac2ec4f4d0c7574b0fc327e9c1fa"
"1676851200","1caa5691094082b49e8cac72e5ee6bd9"
"1676851200","170e9ecc6257c49495b1bcfa00aa2901"
"1676851200","50b019ccc4083430ef43f1f6e15c6601"
"1676851200","bdb1988fea2a37b86db9d928acfa7506"
"1676851200","5b8357a3a478eb7d3732ad5063728ec2"
"1676851200","8aa94a4305ee0dbdd57c0b83bcfaccc6"
"1676851200","7a70dd51e5c2129b12285a519fe79110"
"1676851200","7f8007ab65a81ef26d5da6b858761275"
"1676851200","237ca100a1e2d96c21a1933d4d994a0b"
"1676851200","f3aef15400f3d737fc8c3de1568d31c1"
"1676851200","62528c18992ea7a4d8f82f727f424952"
"1676851200","53e7b7b394989f29ab83bf537f741131"
"1676851200","e35a66838f3d1baa3b8ea2d9ef18b4a0"
"1676851200","76604aa13c9ed1f04327c8914b9dfac1"
"1676851200","2df7d13ddf98555c1c140b60fee0cb11"
"1676851200","26e531a34c2014b0deba1071b1f46bee"
"1676851200","1fe94c9b44922b06e4778a6ae72918d0"
"1676851200","8d6d41f1cfd2ba118eb1167a156bddac"
"1676851200","70681797c075b0dc33b35136bd34e959"
"1676851200","0dd50c4a5aa9899504cb4cf95acd981e"
"1676851200","918954fd91a718f71a022c1d7ed31121"
"1676851200","2cf91981ca2e2d726c32543af6417d17"
"1676851200","b0d1d3a88792422fc6bdf5f43b71aa00"
"1676851200","358f192bb5b65d268707538d74320557"
"1676851200","bad21c356f974caeecf415775f278df1"
"1676851200","7f8bb2fac43c83f78554d510071aba26"
"1676851200","1382b2ccc17bcc2dad3a73b14c84c1a8"
"1676851200","c6d6879b53074e70c6a750d191a83e50"
"1676851200","b3cac1377007f89ae59efcefb743e7d2"
"1676851200","48e9ef3764e7794751e73cba5cd3619f"
"1676851200","42110ff94f965375e50dd619cf8461c5"
"1676851200","ec0d5c7547687e907cbde0f0b98b00f8"
"1676851200","4b1bd5069072733093bcaa5028050fb1"
"1676851200","f856d71c717e9fe89196d34ffa175bbd"
"1676851200","2ff3f3376bbdfcb311b0f8279c749067"
"1676851200","8f1d1e4f92ade1c3ea7730aafef13ff7"
"1676851200","137ff57edea11ba30b2f830b796f22dd"
"1676851200","4f6cba176b95e281d67b05031ee658d8"
"1676851200","6a8ccedff50143b1e8599d27253c7d94"
"1676851200","a27964e3534b15b79d376cdd6dcc90a8"
"1676851200","d62763403e62be2d8cd98ac5dd0c8fe5"
"1676851200","7f7228945fb15bdcd6e792cc10b4577e"
"1676851200","41f9e205bc32eeb6d4089f06b4d1c722"
"1676851200","88b92b1e4f0166109158d0c1fa912d22"
"1676851200","00160416a99d43aa4942263f7c842590"
"1676851200","a12fcc8140245d595494ebb27e418dc9"
"1676851200","eb66904e60a948d2acab6e5eb6654d54"
"1676851200","20917d3c628efdf6c1b2989497c4748f"
"1676851200","bb317cc4ba129483716e11cd975bab82"
"1676851200","704ebc48b4b183b422736971f39e4dcc"
"1676851200","61aaa2c5b12ceb071c52fa41b5c8e94d"
"1676851200","a3ed0e5e9a6e175dbfaf223f3f687325"
"1676851200","0f470dceedf0d65a292209a78c49d957"
"1676851200","7f539eb92dcf87e8ba3995e31822d4a3"
"1676851200","9887b44ba539b915db82f1c3cd9c7cf2"
"1676851200","e1ec6f28c2583a68260a97594cdba1ac"
"1676851200","26ebf4b16a7b59e42a4bb77818d6fd31"
"1676851200","b303cd432072650d01da10f1ac2aae57"
"1676851200","eb3c142ff880e00de34c126502e2c177"
"1676851200","aa7ef0e19def9db7235e09d3b8b1e227"
"1676851200","4dde4a9712c7dbcdf14364de49cc587a"
"1676851200","6e55a6e7c3fdbd244042eb15cb1ec739"
"1676851200","18c07c3f158951c36a629f5a1f33ffa8"
"1676851200","63314e909cb6681bf0960b734c33a838"
"1676851200","d1ad0d914039816e7c90d693fb622935"
"1676851200","5d3f5218b27086ba71f4f821ed56ad83"
"1676851200","9e26a6defaa049e9378c53b71673625e"
"1676851200","3f2b521b350b3a48098ab7fa487909c2"
"1676851200","5c0ca4cd915433311bc8a349e8fffde9"
"1676851200","23b429e1a55a81b49fdfe27aba947d43"
"1676851200","28bc302c54c4979381c87a6e0ba4b848"
"1676851200","36f323cc045c689007314dfb2e63080a"
"1676851200","66cda917053d886cbacc1bb8f987fe33"
"1676851200","7814064294c97aad7174f8ca9cd42c4b"
"1676851200","1a9c65b2659a13ec3f8647247550d6b0"
"1676851200","47ece9f773259c31c9c3429911ebca58"
"1676851200","9b6bf5b960ebd4d8ebe92089d670fd4c"
"1676851200","e14f7ed1e51e307b35b1d3db19a15b97"
"1676851200","b92fd9f6ade71bab6868433a74322f4f"
"1676851200","74b90698f4bb87b4d9ad716f2f997d11"
"1676851200","e9dea33aa3632a27f6962993ea1a2432"
"1676851200","bced3620cb0d8619b289989685174396"
"1676851200","2b3c0a0957472df1200235546f58eae5"
"1676851200","25ad5919964355e467babc82bdc2a2c4"
"1676851200","40fea8fb73c46139e2f328aea7a31d74"
"1676851200","e38e399f669d4fdf1efaaee0981f205e"
"1676851200","f57413c018057554d600df0c1c588599"
"1676851200","63acdf17762e502071ae4bdff9b6eac5"
"1676851200","bd37d733c382b865eab060cd74dcc605"
"1676851200","8c361205690777bb6babc3631a3f413d"
"1676851200","f1918155a158601697f8f0aa58107eb4"
"1676851200","1b1744216fa974f3048f862a2e6703ec"
"1676851200","876a332b2a3b9e93d36f62fb9e773354"
"1676851200","98fa0c253f10be60c63cfda147275bcf"
"1676851200","37d12f98b579ec559d16ee39137903fc"
"1676851200","210e7809b1e09fa4fbcae177b04f7ffa"
"1676851200","1db4e9bf50ca9354a354072646ff1eef"
"1676851200","feb34584dab15ee2b93405ed12747bed"
"1676851200","67f1b1e80cd6d193263f53c82dae779f"
"1676851200","15a29df559fe9d618108d68a0ea08043"
"1676851200","f4f235d08b943e5245021b87f75d1116"
"1676851200","37d694cf2dd860309f62a590f3f5b02e"
"1676851200","978e51f8ad94bb1902d0f90b775a370e"
"1676851200","7067a0cf3c74c53314b91522bcf5b2ff"
"1676851200","58250412450443a8c8525672d549c111"
"1676851200","c064ee3ebe18f36fdc96a451725e2d7b"
"1676851200","cc0f7456722f7042f1a061ada45452b1"
"1676851200","021d308db8cea392080adb0d7ce90ff4"
"1676851200","d59cfc262da7977939a94722c0f399d9"
"1676851200","4f8af0df4b45fd6a891ab3d1330285b2"
"1676851200","d556fca9c3d85caf76e414bc82f9d0d4"
"1676851200","9b356e81c6d7996986ef614d0049cc72"
"1676851200","0a4a589a0a34d0581983c24923cf8538"
"1676851200","810af0725fe04b2534f0cf035ece394d"
"1676851200","be5998a4f8c741024ae29793d7e5ccea"
"1676851200","22da0ddaf1bf9e0fb5c705319024429b"
"1676851200","e11892c7a1054bafee72038b79d8372b"
"1676851200","4b2be205e1f9b449081b04966733ff56"
"1676851200","60f0517dccdde6f0fe9859019fab223d"
"1676851200","ea0780c6626bd07121591a7ada82628f"
"1676851200","0aadcdca90bee852d487694e93e26cd2"
"1676851200","d2adcf135ff4add1e305b56bb7f9432e"
"1676851200","3f65c8079ca10e99c6aa6f88d891fd77"
"1676851200","28ca7a21de60671f3b528a9e08a44e1c"
"1676851200","ec1b65a75110f0e6a62e7a5b57e56005"
"1676851200","b1c2d46e4d88264b08e43211653f6e41"
"1676851200","495dac095856da26310bdaaa1c9e005b"
"1676851200","942087fe1aa7c0fa02255508d17eb4fe"
"1676851200","7a44047239498d45f9ce03af4e1c1fe8"
"1676851200","634df8b5a00c8e11d62924ad10ef1b6a"
"1676851200","a73884c9a61e707b11ee0721c0f3a088"
"1676851200","c5c4714d50da9b39b5b4d1157a6d6500"
"1676851200","06dff148db70cc48f840179648a70105"
"1676851200","69b94ac1cc6bb9e9bbba262429e48f52"
"1676851200","3880b3ff41deb92ebbdcbff5e5038921"
"1676851200","344623480a742224558b38f5619a4614"
"1676851200","70a666a787ffda715db2233ae40061f6"
"1676851200","4e7f07a5827b94e474bc4fc7be5a7c12"
"1676851200","10f81f6895ce58821af23f9701874e3b"
"1676851200","25cc5316df82d69e1cafe3d3a7023300"
"1676851200","504b9101a5a633de932a5a2c8f5b302f"
"1676851200","69a175556a09a3597897c18e8683782c"
"1676851200","17f3942baf0d38c75613bb84f5d9bd5f"
"1676851200","65a6a4077035d2a89e51015f2974047c"
"1676851200","3fe35d21df8fbb96c2fc35807a4a985b"
"1676851200","cd5d2086abc62dba4304a852e7bd963d"
"1676851200","d9196decee0bca571afc478223def5e6"
"1676851200","ce6a1d8fe9d16f4c4e2f41ef6cd3ad9b"
"1676851200","2aeec4cec0e5aa3fbfb6c7da46eb6a46"
"1676851200","2a2f543f9bb4ccdd2b5e0de8eef809bd"
"1676851200","1b304087c77cdd4835e2e5241418fe76"
"1676851200","3653f2a5db35870295ad408a2afea998"
"1676851200","64b76793edf07c93a0218248d4c622ac"
"1676851200","30a9dd1071d1838b8fe5cf71b49074d7"
"1676851200","939699cabd81878e21b39c265b8fb142"
"1676851200","a605d302235802f19c5fcd8dac09d2a3"
"1676851200","75400e9683c74af0f9418f94f89910a1"
"1676851200","2e16a455044861cd67c6da1474a4e4cc"
"1676851200","b8e3faafbd8cbc11fce31a201d4c8a1a"
"1676851200","b5871c0cdaa51d2c7cf6b81ad64343a6"
"1676851200","c14004316be2cfcd47f6ba31f6f875e8"
"1676851200","30cd70e1cf21fc0fcd1948f97ac508f5"
"1676851200","34f2cc0d56c690a7c6233cdfa69149e7"
"1676851200","cc376ff8a543673c04ac0034a814613c"
"1676851200","e76d62e6424b09d4b0c465ebefac562b"
"1676851200","74918395c6a9352de73eb8039366ac59"
"1676851200","3cf83ee9b1eca7399241843618e9ea5e"
"1676851200","d71de2ee24e32e50542bd1fc08f928ea"
"1676851200","7290ef4a3bcc4367fe2e815772a2b929"
"1676851200","10b5edf1acacc58c5e0039e3fa0eb069"
"1676851200","ce77bb80bc49c673ccadaa2aabe14b07"
"1676851200","7c19c3fa5939b5d5140bfd47359aa091"
"1676851200","0cdcd899ac0cfc6b5dda0144c70881ac"
"1676851200","9b7120795f0f3950fdeef00fd3506dd1"
"1676851200","1f5f283aa732b3cf55d1a0b1850b298f"
"1676851200","a8a7b8a7e2382abf56f10945d5612a7d"
"1676851200","8e85af9644c0143be44e4f22e256a095"
"1676851200","157744404738bd2ad72b58aa67a006a9"
"1676851200","49110cdcd5338fbd5c2f876e34edcd4d"
"1676851200","aef64a9c11eae4b64b40b5d7135c6778"
"1676851200","f378237ff6ab667bb77334641c70e8de"
"1676851200","939e62b597bfb8bc09cbff3d3a76cb0f"
"1676851200","69c8d0e23990fd4b4833356805d0b682"
"1676851200","412ccafb3eb6d819c4053eba6b603696"
"1676851200","2601513143e082d8f268e3dd804c0057"
"1676851200","cdce98b59f2ff52e1d21bf22674d17be"
"1676851200","dddebd17ec6c351ffe6b3de3924915e8"
"1676851200","cbe8f4177d6c9fad0587138254f40874"
"1676851200","0e89159609a023a4f4294c63f72f25c0"
"1676851200","d44f546d913c46c0d69aeb257fe9597a"
"1676851200","a3b23357f518a7b2f8180585d512df94"
"1676851200","581d3311b56cb7fce8592daebc4a2706"
"1676851200","f03d0faaa0989d50210c8cd318bf2306"
"1676851200","61f1a0f55ca1db48d6e80dcc974ab167"
"1676851200","10e609bf2bc7206abf99d71a97beffb6"
"1676851200","b1a4d442ee27b77d9fd7bfe41dba3e13"
"1676851200","4d69ed038b189a5dca6825d0e73c3db8"
"1676851200","dd450b8cd29046444f8181570fd8901f"
"1676851200","ca838108ca631c492e4138f745cd7a7c"
"1676851200","213f1518437a78259f34aa515d97b504"
"1676851200","4120417ecb2cccf4587166d8e39d0113"
"1676851200","6781e57c262bd0fae256acbeb30c2d75"
"1676851200","e087508b761a9ad36a2d60e05637ac36"
"1676851200","3324d05199027e2a37bf3ae8aa1f6b7b"
"1676851200","a38625bd895eb64f9e9027f78a62d422"
"1676851200","2ff3f3376bbdfcb311b0f8279c749067"
"1676851200","19d28136dadefee2b5d4c9ba01b58136"
"1676851200","31d85482d5b091ea80204a251fe965b0"
"1676851200","484e46e3145037d8a4f236baf42da9ea"
"1676851200","97d08870af2155c742eb1eaf1c6dd5d4"
"1676851200","f4f388a9668e903d3bb9b573939db43f"
"1676851200","cfd1f9bddf2a1aac9386621f2df068d5"
"1676851200","5909ae54db9dd1f2668d78e5072fb850"
"1676851200","c8e50ba08f558fcf82f7d22d48661fc9"
"1676851200","4f1986134b28834e428162ce2329170b"
"1676851200","1064b9d0c63dd1382e210cb74040f7e8"
"1676851200","8c36d8c040443af815c301865d1b7e2a"
"1676851200","b4bedc1499d4b21b1ffa297b798fc983"
"1676851200","4fdf6d12fb6d132e3110961fbb22ea78"
"1676851200","d9f54d6efe322a17dab5dee2e2296936"
"1676851200","6d7944d8f3aa08e1a93b9d35795b4562"
"1676851200","ce3ddafee8831209cded90242b73d367"
"1676851200","f3a500f7fa496224e472386dc227fbc4"
"1676851200","6e70c509d7ade18453f2c06499c85a61"
"1676851200","a7ea7b7d6112dcec9f2784e9ac5fc5b0"
"1676851200","e1f38e264e1c7c83a799b63e9daeaa37"
"1676851200","a0114856020c2a20c6c85a7db2027b03"
"1676851200","937b902b8ad05afb922313d2341143f4"
"1676851200","4f0cb418e8151a0c734b6253fc8975e7"
"1676851200","a79e166c7b303369cb69304f50fb53a5"
"1676851200","c948dab97df226045e7c8671f4425b59"
"1676851200","366dccec42617374a54db8dda7e0415f"
"1676851200","c7121bfec0c2875b34a40ee1dae82003"
"1676851200","a25c9b2035b5aeb723134d50dbcafe3c"
"1676851200","3ec073f7670a7ef4931f0cdbe28336a9"
"1676851200","bd1753c21a8f5df46d0fc15a6e955fc2"
"1676851200","875043f981e1db5465383b8e82f07072"
"1676851200","61f3b6f9a8576a815b4d5ceef0e64f3a"
"1676851200","be495a071a72ad6aa8c143e9b59da7f0"
"1676851200","37355f4fd63e7abd89bdc841ed98229f"
"1676851200","4a36a48e58829c22381572b2040b6fe0"
"1676851200","b5a703c2f02580cac1b832feb5dc7a05"
"1676851200","bf738293fe535d41f802abccc1e26fc0"
"1676851200","0a72a8599528904e88cb680ac549ed34"
"1676851200","4fec67d0d655370aa729b053a1f03b72"
"1676851200","b1d37fb5f0ee38bfe81e53c1105bcd63"
"1676851200","437ba31b3e78db2393744640b4b7dc2a"
"1676851200","3fdf01034335b7ce87b54883a3908621"
"1676851200","f3b70a577397e08d7e3980a320bd19ad"
"1676851200","ea04a5c95d792fee479b955ca91da000"
"1676851200","7c60c3eed460e32055c981cde59e510a"
"1676851200","3b935cc867c5916301ac4f1e6c4d3b57"
"1676851200","c3b58449cae7b337a35a412922d02fd9"
"1676851200","f47742a3eb07b711957c57f81a9a5659"
"1676851200","763dfee813024e4e6268c1e950b25c90"
"1676851200","aad7cf16646b93d219da093f03d9077b"
"1676851200","de41455018fda14b8dc7a9bfde164019"
"1676851200","c03312731cf8b2b74438c442482773bb"
"1676851200","383bad522ca8192856866d5e5e8182fb"
"1676851200","44b2acf17a589535e9133176983edaaa"
"1676851200","8d3bb52767eddb4fd7d1d68ea0df4941"
"1676851200","649188f556b6fb7d9361fe99277e95bb"
"1676851200","7b966f9da7530f9a8bcc1164947ab7d5"
"1676851200","7235d5bb1d74d48d2bbc8ed68cb9f35f"
"1676851200","737e6edc3513a91b72fe8b0b8601c3c9"
"1676851200","c5f6df4e8e0cae47594b024511103f87"
"1676851200","0e53950d31e43eac91b0e13bb4a6406c"
"1676851200","1217235d02d1b9e66caf9d1a2668089c"
"1676851200","64ae60a1c4ffaa6e42e26a2a8f95c375"
"1676851200","184defb4a3b3afcdcf236c51119d733c"
"1676851200","fc4f81d75cc1a18e3b381a3ac2ba4a00"
"1676851200","d0b6ac3b25bf75cae57f0c9161744f69"
"1676851200","c1438563f43f4a30b54f3eaa10a3a8aa"
